index,Metadata_JCP2022,Metadata_InChIKey,Metadata_InChI_x,Metadata_Bioactivity,Metadata_InChI_y,Embeddings_mean,Metadata_Is_Control,path_embedding,Metadata_InChI
10,JCP2022_006158,BGIYKDUASORTBB-UHFFFAOYSA-N,"InChI=1S/C20H13FN4O2/c21-16-5-1-13(2-6-16)18-19(14-9-11-22-12-10-14)24-20(23-18)15-3-7-17(8-4-15)25(26)27/h1-12H,(H,23,24)",hit,"InChI=1S/C20H13FN4O2/c21-16-5-1-13(2-6-16)18-19(14-9-11-22-12-10-14)24-20(23-18)15-3-7-17(8-4-15)25(26)27/h1-12H,(H,23,24)","[ 1.35649770e-01  1.65981084e-01 -9.09476399e-01  4.05924171e-01
 -2.96956867e-01  8.44426900e-02  1.16551554e+00 -1.04472443e-01
  3.39973509e-01 -4.42698061e-01 -3.02934641e-04 -2.17248052e-01
 -1.41620505e+00 -6.67414665e-02 -1.00408769e+00  4.68883574e-01
  6.93184733e-01  9.46530253e-02 -2.05607295e-01 -7.65668988e-01
  4.11357172e-02 -1.37420344e+00  3.76981311e-02  4.58440304e-01
  7.91681468e-01  7.15717316e-01 -9.52017084e-02 -6.57229781e-01
  2.87316024e-01 -8.53410542e-01 -3.73011649e-01 -3.72372508e-01
  4.57793586e-02 -2.84769595e-01 -5.74969538e-02  5.65092385e-01
 -5.54826558e-02 -4.35373783e-02 -9.72418964e-01  6.81333244e-01
  3.74264747e-01 -6.72676682e-01 -9.76465523e-01 -6.71278119e-01
  4.01781380e-01 -3.48099291e-01  7.62224555e-01  3.49712670e-01
  7.17331707e-01  9.62620854e-01 -7.54721642e-01  9.46415812e-02
  4.21020895e-01 -1.01843047e+00 -3.31362665e-01 -6.56610906e-01
 -8.53567302e-01  3.50430071e-01  3.63709867e-01 -7.07565993e-02
  8.60346019e-01 -6.85645938e-01  6.23812556e-01 -1.08000830e-01
  5.15574932e-01  6.69764161e-01 -7.24746764e-01  1.22829831e+00
 -8.63713443e-01  1.86028093e-01  9.70437706e-01 -1.09419858e+00
 -7.97597528e-01  2.35908508e-01  4.73589569e-01 -1.00718045e+00
  8.93088996e-01 -1.41284728e+00 -8.34036320e-02 -5.04386306e-01
 -5.77073917e-02  4.01118696e-01 -3.82451236e-01 -4.88091037e-02
 -4.88590710e-02 -3.65349084e-01 -5.25207460e-01 -9.26314235e-01
  7.31859267e-01 -4.04872656e-01 -1.38403520e-01 -1.25965327e-01
 -2.88876384e-01  1.92883655e-01 -1.58419222e-01  3.97229567e-02
  1.75871700e-01 -7.43303120e-01  5.17948806e-01 -3.76857698e-01
  3.71940255e-01 -5.26328310e-02 -3.97073984e-01  3.02607596e-01
 -4.34539944e-01 -3.33673865e-01 -1.76681590e+00  1.09388506e+00
 -8.03417563e-01  3.24544191e-01 -6.82532609e-01  2.94728220e-01
 -5.59483886e-01 -2.39757132e-02  1.41600087e-01  7.86365032e-01
  1.35573477e-01  1.07759833e+00 -5.44982553e-02 -8.49490345e-01
  1.44154537e+00  4.96170610e-01  4.41209704e-01 -9.06240284e-01
  6.75433218e-01 -6.01197839e-01 -3.24915677e-01 -5.73175430e-01
 -5.59287369e-01 -6.46829665e-01  1.14684820e+00  9.88155723e-01
 -6.46738172e-01 -3.00132041e-03 -1.02608550e+00  4.85278994e-01
 -1.87117219e-01  1.12626541e+00  1.66757435e-01  1.77692682e-01
  2.65514076e-01 -7.85345495e-01 -5.95986724e-01  7.38496602e-01
 -1.28350043e+00  6.79599643e-01  2.23269463e-01  5.54965556e-01
  2.70932075e-02  1.55287087e-01 -6.30929410e-01 -3.72017562e-01
 -5.58622837e-01  4.31672275e-01 -1.64660841e-01 -9.38947976e-01
 -5.92604518e-01  2.44252041e-01 -7.74911106e-01 -1.16499150e+00
 -3.87725204e-01 -2.59791940e-01 -4.44120586e-01 -1.05041528e+00
  2.13906243e-01 -9.71457779e-01 -1.74775541e+00 -5.83134830e-01
 -8.69076073e-01  8.60159546e-02 -8.18480790e-01  2.09070534e-01
  1.44414276e-01 -9.42149639e-01  3.58567238e-01 -9.53126132e-01
  1.50967062e-01 -9.37676072e-01 -2.55274381e-02  2.37767883e-02
  2.56579697e-01  1.19528078e-01 -8.44292045e-01 -3.87556881e-01
  1.00532842e+00 -5.69985032e-01 -1.40392944e-01  7.18677044e-01
  1.60223804e-02 -2.01225039e-02  1.10723889e+00  5.56747496e-01
 -2.31368184e-01  2.69582182e-01  4.39569414e-01 -8.32801685e-02
 -1.02204287e+00 -5.15119970e-01  8.81668210e-01 -9.90863204e-01
  7.35244095e-01  8.36268067e-01  3.08766663e-01  3.42187174e-02
  1.18348122e-01  4.74751383e-01 -8.89576077e-02 -2.53184497e-01
 -3.26839447e-01 -2.77297676e-01 -6.47349358e-01  6.47367612e-02
 -1.72625482e-01  4.18197572e-01 -6.09119415e-01 -8.26365590e-01
 -1.90976590e-01  3.98138165e-01  9.59380046e-02 -1.46955121e+00
 -1.86970556e+00  4.54486132e-01 -4.49751943e-01 -4.10430990e-02
 -9.58206296e-01 -1.59199908e-01  1.60052255e-01  1.54725434e-02
 -4.10312004e-02  2.38867640e-01 -6.84602201e-01  7.11939186e-02
  6.07684731e-01  2.37939909e-01 -7.45212257e-01 -1.70315832e-01
 -1.94130823e-01  7.55766034e-01 -4.87913758e-01 -5.89265525e-01
 -3.91467333e-01  5.66043198e-01 -7.34998882e-02  8.41985524e-01
  3.60738456e-01 -1.82065517e-01  1.33300138e+00  1.07151663e+00
 -1.32204266e-02  3.44523668e-01 -5.75265288e-01 -4.13022051e-03
  2.82985687e-01 -7.02405572e-01  1.01023817e+00  2.93480512e-02
  5.38007319e-01 -6.66984260e-01 -5.64299941e-01  5.74049577e-02
  3.40008199e-01 -4.89704221e-01 -7.17463732e-01  8.26556310e-02
 -2.39774942e-01 -1.11271226e+00  1.45776331e+00 -7.02754557e-01
 -1.65940511e+00 -5.75644314e-01  2.92360429e-02 -3.74918103e-01
  9.14082170e-01  6.13714941e-02 -1.72401738e+00 -6.28124714e-01
 -1.50503784e-01 -7.97928691e-01  4.26962465e-01  4.71333042e-02
 -8.12979817e-01 -6.09942555e-01 -7.05639064e-01  1.05752337e+00
  7.73669481e-01  1.26958340e-01 -3.95980589e-02  1.32082313e-01
  2.20544294e-01  1.62471935e-01 -3.08988512e-01 -2.16399938e-01
 -1.33150518e+00 -7.17276358e-04  5.16866565e-01  1.00568496e-01
  6.65763259e-01 -4.66216862e-01  1.53044093e+00 -1.78850502e-01
 -6.66882992e-01 -1.86610985e+00 -4.46530342e-01  4.21933353e-01
 -3.16058248e-01 -1.27516493e-01  1.17094958e+00 -3.33719045e-01
 -5.33004582e-01  3.56892884e-01 -1.65396109e-01 -1.12251675e+00
  4.58860695e-01  8.41467261e-01  8.88452172e-01  1.30135924e-01
  8.59380066e-02 -6.98368073e-01  1.40133691e+00 -3.99698198e-01
  4.48187292e-01  2.74770916e-01 -3.79719725e-03  1.64241105e-01
 -1.45563030e+00 -3.89677852e-01  2.33351678e-01  4.93301779e-01
 -4.51658636e-01  1.21373820e+00  6.26247764e-01 -1.64561439e+00
  4.17721033e-01 -8.30254197e-01 -6.07804179e-01 -3.50159779e-02
 -1.00686145e+00  8.13384503e-02  2.03078598e-01 -3.58506113e-01
 -5.92729747e-01 -8.11045468e-01 -1.80503696e-01  1.10287592e-01
 -1.00655913e+00  9.26016629e-01  6.47571206e-01 -4.12318528e-01
 -1.22066665e+00  3.13125193e-01 -1.20042309e-01 -1.54088569e+00
  3.89748991e-01 -1.21452069e+00 -9.35913861e-01 -1.10144876e-01
 -9.33685422e-01  1.45341754e+00 -1.31576371e+00 -7.52266109e-01
 -4.96031940e-01  3.45656574e-01 -6.38408780e-01  1.11383581e+00
  3.32859337e-01 -5.30991375e-01 -7.26177871e-01 -2.22535297e-01
  1.09138206e-01 -4.78953689e-01  8.99077713e-01 -1.47014749e+00
 -2.60287464e-01  5.47913797e-02  9.11154866e-01  2.68011332e-01
  2.20585078e-01 -7.37279356e-01 -1.55792788e-01 -3.20679247e-01
 -8.38299930e-01  3.32553759e-02 -7.19120860e-01 -9.24455643e-01]",False,/projects/synsight/data/openphenom/norm_2_compounds_embeddings/JCP2022_006158.pt,"InChI=1S/C20H13FN4O2/c21-16-5-1-13(2-6-16)18-19(14-9-11-22-12-10-14)24-20(23-18)15-3-7-17(8-4-15)25(26)27/h1-12H,(H,23,24)"
20,JCP2022_010404,CDMGBJANTYXAIV-UHFFFAOYSA-N,"InChI=1S/C21H16FN3OS/c1-27(26)18-8-4-16(5-9-18)21-24-19(14-2-6-17(22)7-3-14)20(25-21)15-10-12-23-13-11-15/h2-13H,1H3,(H,24,25)",hit,"InChI=1S/C21H16FN3OS/c1-27(26)18-8-4-16(5-9-18)21-24-19(14-2-6-17(22)7-3-14)20(25-21)15-10-12-23-13-11-15/h2-13H,1H3,(H,24,25)","[ 5.25928382e-03 -4.09574695e-02 -4.86129254e-01 -5.84484078e-02
  2.07570251e-02 -6.75291494e-02  7.67033279e-01 -1.96976259e-01
 -3.85506988e-01 -2.27865845e-01 -6.41303718e-01 -1.23279616e-01
 -6.15586996e-01  6.19768491e-03 -1.03270626e+00  2.29658470e-01
  2.14948967e-01  2.77875483e-01  8.56136382e-02  3.86548787e-01
  4.82078828e-03 -4.52274710e-01 -8.50453377e-02  3.91029835e-01
  4.32011992e-01  1.04641020e+00 -1.87335424e-02  1.31286178e-02
 -3.01238865e-01 -8.28414142e-01  2.16161892e-01 -4.11548793e-01
  1.18795998e-01 -2.20905110e-01  2.16663778e-01  6.21460006e-02
 -3.33880186e-01 -1.42610431e-01 -6.66904867e-01  1.73730496e-02
 -7.66623616e-02 -2.51766235e-01 -4.17831302e-01 -8.61755133e-01
  5.27417250e-02 -2.44652972e-01  5.67603528e-01  7.23208249e-01
  5.73999286e-01  4.31934416e-01 -1.23207822e-01  2.06069455e-01
  1.95144504e-01 -3.97644132e-01 -2.82824963e-01 -4.28484589e-01
 -7.18441010e-01  3.11623722e-01 -4.88634706e-02 -3.08242053e-01
 -3.38306874e-02 -6.59361959e-01  4.56431717e-01  9.41751674e-02
  3.18045586e-01  2.11470604e-01 -4.20974344e-01  6.94720268e-01
 -3.32171656e-02  3.91851276e-01  4.61968094e-01 -3.91398549e-01
 -4.34381187e-01  2.51676232e-01 -1.89517617e-01 -5.99747598e-01
 -1.92555219e-01 -6.35626733e-01  3.90773714e-01 -3.87278676e-01
  8.05255324e-02  1.00666201e-02 -3.36067289e-01  2.29176879e-01
 -3.87417078e-01 -3.36046547e-01 -4.04376119e-01 -7.12241232e-01
  3.96014065e-01 -5.68097293e-01 -4.76667762e-01 -2.19522044e-01
  2.84334183e-01  7.03400731e-01  2.86043018e-01 -4.46427166e-02
 -3.94590557e-01 -1.82931960e-01  1.68588042e-01 -2.28460342e-01
  1.56095058e-01 -2.34762162e-01 -4.10738021e-01 -1.42688513e-01
  1.99190285e-02  4.72178012e-02 -7.68948615e-01  6.72483146e-01
 -5.69309175e-01 -2.76786447e-01  8.85167494e-02  1.63533330e-01
 -9.20494273e-02  5.04747368e-02  3.75746280e-01  8.91600907e-01
  4.59728479e-01  7.10679531e-01  4.94560525e-02 -5.72353780e-01
  5.84203720e-01  2.36910895e-01  7.17488587e-01 -3.46653193e-01
 -4.38252725e-02 -6.01331055e-01 -2.13787585e-01 -1.44004837e-01
 -4.12497371e-01 -3.96879345e-01  1.11058116e+00 -6.16638660e-02
 -4.36436236e-02 -4.51547116e-01 -4.20250855e-02 -1.56179845e-01
  2.46855766e-01  1.41274378e-01 -3.21904272e-01  1.99500784e-01
 -3.61920863e-01 -6.79008305e-01 -2.11618558e-01  1.39272377e-01
 -1.18680441e+00 -1.20111518e-01  3.57272148e-01  8.87235552e-02
 -1.07855864e-01 -2.04089507e-01 -3.32521647e-01 -4.11027730e-01
  3.78300957e-02  1.52870873e-02  1.95039123e-01 -4.30774055e-02
  7.81289581e-03  7.09359944e-02 -5.74405074e-01 -1.22940993e+00
 -2.66433179e-01 -2.46455297e-01 -1.50084242e-01 -7.94649601e-01
  3.58955979e-01 -7.02745855e-01 -6.04281485e-01 -1.97209474e-02
 -3.27201992e-01  3.20057541e-01 -4.39169109e-01  1.53388426e-01
  4.59588796e-01 -8.46880853e-01 -3.00050620e-02 -3.74804378e-01
  1.08883150e-01 -8.18399906e-01 -1.40230596e-01  2.02929020e-01
  4.27037776e-01 -1.79442376e-01 -4.04453725e-01  1.48099542e-01
  8.91595721e-01  3.53416383e-01 -6.23732388e-01 -1.07650831e-01
 -1.70337968e-02  2.99395204e-01  4.77434814e-01  8.03924620e-01
 -1.55517142e-02 -4.34538126e-02  2.36515924e-01 -1.52017936e-01
 -5.26480734e-01 -1.74381554e-01  1.25688598e-01 -2.54234523e-01
  8.73239115e-02  4.97829206e-02  2.43685052e-01 -2.95237601e-01
 -6.41302586e-01  7.76915550e-01  2.00751990e-01 -1.47523761e-01
 -4.66212183e-01 -2.76590101e-02 -5.23355491e-02 -3.01768631e-01
 -4.52850051e-02 -7.05277324e-01 -2.07459852e-01 -3.45606863e-01
  1.14334643e-01  1.51761964e-01  3.78861308e-01 -6.57524288e-01
 -8.36455464e-01  3.51230651e-01 -3.27883631e-01  4.19945829e-02
 -5.23830771e-01 -2.58372366e-01  3.28842364e-02  1.79874361e-01
  1.13328770e-02 -3.49697247e-02 -3.47785980e-01  3.19209546e-02
  3.94062817e-01  3.43773633e-01 -2.99602687e-01 -4.66893874e-02
  3.31236348e-02 -2.78110802e-01 -3.05606216e-01 -5.55643380e-01
 -7.75000453e-02 -3.95160206e-02  9.30997506e-02 -4.21369309e-03
 -2.73853615e-02 -4.85320330e-01  4.45983797e-01 -1.72746271e-01
  2.03302838e-02 -4.30132747e-02 -8.09244365e-02  3.62024248e-01
  2.90177017e-01 -4.40781534e-01  1.09070158e+00  6.42319545e-02
  3.32363755e-01 -1.84975475e-01 -4.24392745e-02 -1.91631615e-01
  2.34448329e-01 -1.81473494e-01 -1.21701486e-01 -4.35562320e-02
  1.98296562e-01 -1.11170340e+00  4.46771562e-01 -2.26719603e-01
 -4.47914451e-01  4.86941725e-01 -1.63600058e-03 -6.28055871e-01
  4.26929325e-01 -1.35502338e-01 -8.89936507e-01  5.94302237e-01
 -4.53573070e-04 -2.71790355e-01 -2.04802662e-01  7.52362013e-01
 -2.89599836e-01 -8.15333843e-01  4.36760932e-02  7.02932894e-01
  8.04253101e-01 -2.01925471e-01  5.31935453e-01  4.08071727e-01
  2.46932492e-01 -2.58970708e-01  2.76430309e-01 -3.04174811e-01
 -7.82183409e-01  2.61123981e-02  7.76770636e-02 -5.60813904e-01
  3.57410103e-01 -2.94762492e-01  1.05859125e+00  7.19759837e-02
  1.10403784e-02 -6.62768841e-01 -2.60248274e-01  2.49795076e-02
 -2.98242718e-01 -5.35835445e-01  1.03548490e-01  3.90901625e-01
 -9.83775333e-02 -2.63568133e-01  6.51074722e-02 -3.45643073e-01
  1.27551273e-01  7.41937533e-02  7.80781448e-01  5.26797399e-02
  4.44348991e-01 -1.05920315e-01  6.41727567e-01 -3.69626254e-01
 -3.62146169e-01  1.03159249e+00  1.28722832e-01 -2.08402827e-01
 -5.40715873e-01 -1.79511324e-01 -1.32190391e-01  4.96965706e-01
  1.30349413e-01  6.81581378e-01  2.66662717e-01 -5.30547261e-01
 -3.49827290e-01 -3.13534319e-01 -9.40920785e-02 -5.44131100e-01
 -8.64028513e-01 -2.02558845e-01  2.15944916e-01 -7.18393922e-01
 -3.74009788e-01 -6.44332111e-01 -4.58613604e-01  1.90303966e-01
 -7.66962051e-01  6.98764920e-01 -1.24860026e-01 -4.25960779e-01
 -4.61996168e-01 -6.97188750e-02 -3.76504958e-01 -5.30477047e-01
 -1.11971430e-01 -3.86412233e-01 -5.69461882e-01  5.20025119e-02
 -5.43321848e-01  6.97843015e-01 -1.12768662e+00 -6.43572450e-01
 -3.16341937e-01  1.76229745e-01 -4.10128504e-01  4.09262627e-01
 -2.59258393e-02 -6.68823719e-01 -1.54514298e-01 -3.56622845e-01
  1.84450373e-01 -3.70729893e-01  2.83985764e-01 -7.13988006e-01
 -3.11508298e-01 -3.00596952e-01  3.90209049e-01  2.48868093e-01
 -3.20671916e-01 -2.61683315e-01 -9.79689956e-02 -5.18755555e-01
 -5.65874100e-01  9.43089873e-02 -2.17910171e-01 -5.11730574e-02]",False,/projects/synsight/data/openphenom/norm_2_compounds_embeddings/JCP2022_010404.pt,"InChI=1S/C21H16FN3OS/c1-27(26)18-8-4-16(5-9-18)21-24-19(14-2-6-17(22)7-3-14)20(25-21)15-10-12-23-13-11-15/h2-13H,1H3,(H,24,25)"
56,JCP2022_022234,FQCPPVRJPILDIK-UHFFFAOYSA-N,"InChI=1S/C16H11N3O2/c20-16-13(9-5-1-3-7-11(9)18-16)15-14(19-21)10-6-2-4-8-12(10)17-15/h1-8,17-18,20H",hit,"InChI=1S/C16H11N3O2/c20-16-13(9-5-1-3-7-11(9)18-16)15-14(19-21)10-6-2-4-8-12(10)17-15/h1-8,17-18,20H","[-5.40013373e-01  2.98649311e-01 -5.46161652e-01  2.40578577e-01
  9.53436866e-02  3.90549958e-01  4.08164918e-01  8.54423165e-01
  1.22008167e-01 -1.39455295e+00  1.79631040e-01  2.52059639e-01
 -2.20606282e-01  9.95662034e-01 -4.83785301e-01  1.27273309e+00
  3.73947918e-01  1.20715976e+00  1.42433739e+00 -3.72281857e-02
  5.49580157e-01  1.10389456e-01 -3.20230842e-01  1.06735110e+00
  4.04134214e-01 -6.09340379e-03  1.14324369e-01 -1.10862350e+00
  2.86408722e-01 -4.86229658e-01 -2.85976171e-01 -1.52270222e+00
  1.60887897e-01 -1.64842337e-01 -1.06080413e+00 -7.65685856e-01
 -1.02025735e+00  1.06762454e-01 -1.00908056e-01 -1.66739970e-01
  8.54521096e-02 -8.96262348e-01  1.45373538e-01 -9.95197415e-01
  1.54042721e+00  3.80688339e-01  1.08122945e+00  3.82063687e-01
  1.42292857e+00  5.66533804e-01 -1.57564235e+00  5.05608976e-01
  1.77194282e-01 -1.10505986e+00 -5.80414906e-02 -4.59627241e-01
  3.39762568e-02  5.70841312e-01  2.43137717e-01  2.60681063e-01
  5.16198985e-02  2.71979243e-01  5.53169250e-01 -3.81899267e-01
  7.05927372e-01 -6.84308559e-02 -8.34145188e-01  7.66914904e-01
 -1.44695437e+00  6.59135759e-01  8.35216403e-01 -1.09697247e+00
 -1.13824822e-01  1.17205940e-01 -5.71379773e-02 -8.81386101e-02
 -2.25169390e-01 -9.73691940e-01 -6.98084772e-01 -5.85936725e-01
 -6.62585974e-01  1.01766646e+00 -8.11467826e-01  4.67162848e-01
  8.75407100e-01  1.53140813e-01 -9.09370556e-03  2.08422691e-01
  7.42276728e-01 -1.01812232e+00  3.44602577e-02 -4.62477624e-01
  1.33111984e-01  1.73510388e-01 -4.30260092e-01 -2.93096572e-01
  7.03635737e-02  1.15099035e-01  4.81308848e-01  3.31626296e-01
  3.89708698e-01 -1.01141669e-01 -1.04589677e+00  1.25548363e+00
 -6.91536903e-01  9.17770386e-01 -1.39187276e+00  1.46841145e+00
 -2.48455197e-01 -1.25728965e+00  1.13543355e+00  9.04698968e-01
  2.29149625e-01 -2.71642804e-01  4.93935168e-01  8.81694436e-01
 -1.57508969e-01  6.59253120e-01  7.27683187e-01 -1.62492871e-01
  6.45162225e-01  5.01504540e-03 -2.30845779e-01 -4.54281181e-01
 -4.01674092e-01 -7.35561132e-01 -8.49237263e-01 -7.23068833e-01
  5.33285253e-02 -1.84075010e+00  1.97618985e+00  1.39462546e-01
  5.41485190e-01 -1.48691499e+00 -7.94879258e-01 -1.07370213e-01
  1.07384765e+00  9.00982380e-01 -8.09358954e-01  1.47622514e+00
 -5.60664594e-01 -5.44898868e-01 -4.55265820e-01  7.93923736e-01
 -1.00768912e+00  9.25333500e-01  1.22344565e+00  8.78865737e-03
 -6.92678511e-01  1.92840640e-02 -9.92620015e-04 -8.62535015e-02
 -5.20136952e-01  1.16102672e+00  2.66224802e-01 -4.91052210e-01
  6.67739332e-01 -3.13521619e-03 -1.26442361e+00 -1.79689944e+00
 -8.89582515e-01  6.53621316e-01  3.04922521e-01 -4.35402870e-01
 -4.87835884e-01 -1.60607529e+00 -4.17277873e-01  8.66691887e-01
  2.75430791e-02  6.02951586e-01 -1.53923020e-01  9.61225033e-02
  4.46630001e-01 -2.38800481e-01 -2.76734238e-03 -3.99921983e-01
 -2.19680101e-01 -2.17649743e-01 -2.83353120e-01 -1.18382707e-01
  4.95670497e-01 -9.98033643e-01 -4.42222983e-01  4.18160021e-01
  4.14307505e-01  6.97519302e-01 -9.06947315e-01 -5.82834184e-01
  5.93081713e-01  8.14463973e-01 -1.00688435e-01  1.03107572e+00
  2.93310702e-01  2.05164507e-01  1.87232569e-01 -1.42975271e-01
 -3.39366376e-01  3.36953789e-01 -4.42018270e-01  2.13254973e-01
 -3.59288156e-01 -7.47235194e-02  1.04601061e+00 -3.35661471e-01
 -4.88235941e-03  2.25116536e-01  1.43195701e+00  4.66093689e-01
  1.10058749e+00  3.26063335e-01 -7.51153231e-01 -1.79153115e-01
  4.93313938e-01 -6.72240779e-02 -4.27392334e-01 -3.72437894e-01
  1.05059230e+00 -1.01981413e+00 -3.33575279e-01 -8.26790512e-01
 -1.32659769e+00  7.93815017e-01  1.91936463e-01  6.67356610e-01
 -9.02829468e-01 -3.32897604e-01 -3.76531065e-01  2.32582092e-01
 -4.02704291e-02  4.05999482e-01  6.41877234e-01 -2.84029488e-02
  1.01274168e+00  1.55630779e+00 -2.07964107e-01 -5.34215450e-01
 -9.26772296e-01  1.31354807e-02  4.00686443e-01 -4.17391926e-01
  8.19979072e-01  8.45033824e-01 -7.07510591e-01 -3.99128854e-01
  4.56249177e-01 -3.57661784e-01 -3.80152881e-01 -1.12080216e+00
 -2.97892630e-01 -6.27370179e-01 -5.55544376e-01  2.07941219e-01
 -2.51481354e-01  6.65383041e-01  7.01363564e-01  8.28446895e-02
  2.20823318e-01  9.36743245e-02 -9.53380704e-01  1.57198355e-01
  2.10492723e-02  1.02682972e+00  6.63125873e-01 -8.69763866e-02
  2.44890407e-01 -3.98663670e-01  6.62050024e-02  7.46555477e-02
 -8.97504210e-01  2.10188344e-01  4.62394238e-01 -5.48970163e-01
  9.06674206e-01 -4.61640835e-01 -5.27962804e-01  6.20491385e-01
 -1.62254333e+00  9.06932342e-04 -6.11715734e-01  3.93588930e-01
  1.71956658e-01 -7.87466049e-01 -9.50188041e-01  2.22889513e-01
  9.56366360e-01  4.84388828e-01 -8.90411258e-01  3.71547863e-02
  2.61416912e-01 -1.86825499e-01  4.43269253e-01 -4.29484278e-01
 -9.51751828e-01 -4.23133910e-01  9.51295674e-01 -6.63703799e-01
  6.93756938e-01 -1.70174408e+00  6.41361594e-01 -1.10356581e+00
  3.58084589e-01 -3.58635485e-01  7.03503117e-02 -1.01715066e-01
  7.80363441e-01  2.74592042e-01  6.79791272e-01 -6.79531813e-01
 -1.49052310e+00 -4.79160011e-01  7.08633780e-01 -4.18834575e-02
  4.79214251e-01  7.48718977e-01  1.43880010e+00  2.74580479e-01
 -1.66448429e-01 -3.25697362e-01  9.59580243e-01 -6.60673261e-01
 -9.06976342e-01  1.05161095e+00  1.76690519e+00 -4.17017639e-01
 -1.65605807e+00  4.05951500e-01  4.24772739e-01  1.08319211e+00
 -4.63090360e-01  7.68416524e-01 -6.87729537e-01  1.14655137e-01
  2.39205480e-01 -2.65768975e-01  1.14104009e+00 -1.50830400e+00
 -1.45117044e+00 -1.92255288e-01 -3.34744930e-01 -4.21687782e-01
 -1.39166188e+00 -1.11134398e+00 -8.90267849e-01  6.64856493e-01
 -1.84105337e+00  8.96630943e-01 -1.74921438e-01 -9.59872067e-01
  4.48169947e-01  2.51476765e-01  1.44076467e-01 -4.37049776e-01
  1.50356007e+00 -6.96022749e-01 -1.01812148e+00  9.64625537e-01
 -5.38322031e-02  1.18074536e+00 -7.99570680e-01 -5.18622279e-01
 -3.63384008e-01 -1.18212259e+00  5.44502974e-01 -9.51049209e-01
 -5.57308137e-01 -1.42881835e+00  3.90266836e-01 -1.94561809e-01
  8.64748955e-01 -6.04834497e-01  5.25623620e-01 -7.62748241e-01
 -2.78744072e-01  1.29363658e-02 -5.90546608e-01  4.77042854e-01
 -1.88316405e-01 -2.62528002e-01 -2.66081750e-01  7.84545004e-01
 -9.52866226e-02  9.34217632e-01 -1.00553954e+00  4.20311153e-01]",False,/projects/synsight/data/openphenom/norm_2_compounds_embeddings/JCP2022_022234.pt,"InChI=1S/C16H11N3O2/c20-16-13(9-5-1-3-7-11(9)18-16)15-14(19-21)10-6-2-4-8-12(10)17-15/h1-8,17-18,20H"
57,JCP2022_022258,FQFJIJMMCVBRBL-UHFFFAOYSA-N,"InChI=1S/C24H22N4O/c1-29-22-13-7-2-8-16(22)14-17(24-27-20-11-5-6-12-21(20)28-24)15-23-25-18-9-3-4-10-19(18)26-23/h2-13,17H,14-15H2,1H3,(H,25,26)(H,27,28)",hit,"InChI=1S/C24H22N4O/c1-29-22-13-7-2-8-16(22)14-17(24-27-20-11-5-6-12-21(20)28-24)15-23-25-18-9-3-4-10-19(18)26-23/h2-13,17H,14-15H2,1H3,(H,25,26)(H,27,28)","[-0.03956793 -0.0346758  -0.3829533  -0.10629114 -0.15813226  0.5083681
 -0.13563669  0.690068   -0.66369796 -0.4193642  -0.8074925  -0.7265239
 -0.0171377   0.01315857 -0.8812626   0.45034218  0.6228765  -0.3630574
 -0.01797193  0.6419392  -0.4229803  -0.26984882 -0.30990788  0.3087442
 -0.1398765   0.15552773  0.69477224  0.05335282 -0.53316337 -0.3114742
  0.7545578  -0.08584169  0.10815331 -0.10157689  0.33338025 -0.79305536
 -0.6672776  -0.19416259  0.1962856   0.17181021  0.22234066  0.21950144
 -0.11776999 -0.7132273   0.47412035 -0.681732    0.14000647  0.5976338
  0.60759467  0.9116511  -0.02147763  0.60085994  0.6855249  -0.2863362
 -0.17737673  0.05444489  0.25436258  0.5378124  -0.40712157 -0.6772565
 -0.03410941 -0.5213641  -0.13903017 -1.0329248   0.05813066 -0.07743412
 -0.42103398  0.26598448 -0.2344861   0.552754   -0.14150225 -0.7265179
 -0.29017058  0.3419446   0.28104594 -0.3416383   0.17231864 -0.0433354
 -0.4829657  -0.5422375  -1.1095442   0.05109164 -0.6532523  -0.05902645
 -0.02021863 -0.7953933  -0.99214315 -0.13714677  0.84490365 -0.5219844
  0.18883623 -0.25608015  0.5056649   0.3617072   0.34818688  0.3501393
 -0.38499534 -0.30695185  0.13194609  0.14801128 -0.02445716 -0.5608371
 -0.44245067  0.40614498 -0.14462978  0.47106835 -0.4565929   0.19505519
 -0.38488618 -0.4983151  -0.27127883 -0.31797498 -0.35069898 -0.05000407
  0.62747556  0.35429105  0.9983838   1.1680077   0.7530654  -0.01824205
  0.6289694   0.5350748   0.07351192 -0.512039    0.49392888  0.35375047
 -0.10584111  0.17910343 -0.24716866 -0.09218005  0.11579785 -0.15434906
  0.310864   -0.01630522 -0.36169282 -0.2291613  -0.6804835  -0.55028385
  0.0706816  -0.47334275  0.712315   -0.4131739  -0.14094983 -0.44353244
 -0.39921474  0.5181722   0.14795707 -0.32965747 -0.16443194 -0.35546604
 -0.28810093  0.37064788  0.14763956 -0.10347518 -0.46371046  0.14347042
 -0.23587424 -0.84676605  0.25640127 -1.0368248  -0.26843527 -0.39468586
 -0.11537502 -0.57367903  0.69600254 -0.08043379 -0.24455772  0.04814535
 -0.97776914 -0.5783774  -0.4556663   0.76998836  0.09833554 -0.08304711
 -0.02043913  0.44506308 -1.0689739  -0.31640482 -0.08945036 -0.23030055
 -0.28842875 -0.65696657  0.3016557   0.9412419   0.50065655 -0.1093438
  0.68302655  0.15878813 -0.3471323   0.01998849 -0.02410405 -0.45667112
 -0.12552033 -0.5006636   0.35974374 -0.19070828 -0.20435679  0.10917326
  0.9122483  -0.5835921   0.55033904 -0.44213438  0.10800517 -0.04532063
  0.11256569  0.2009749  -0.5894041   0.5037951  -0.6429384   0.1884393
 -0.31007487 -0.46748558  0.14382587 -0.7526668  -1.1275706  -0.25568318
 -0.02042357 -0.11530391  0.2643915  -0.74423105 -0.20268689 -0.53981286
 -0.3220679  -0.45111617 -0.7715705  -0.15777239  0.3505129  -0.68196124
 -0.42699516 -0.66284406 -0.13294291 -0.03822513 -0.3009528  -0.74691457
 -0.43376744 -0.17720456  0.0871659   0.26412037 -0.03051182  0.36212525
  0.28677377 -0.14547372 -0.2802444  -0.03817043 -0.14890158 -0.8145287
  0.23974104 -0.1735696   0.33322504 -0.63531077  0.3209187   0.44059423
  0.9399666  -0.8737707   0.6847078   1.0654899  -1.3113006   0.14140151
 -0.23933345  0.14834481  0.3302646  -0.44904563 -0.20266932  0.24712358
 -0.20534758 -0.14614381  0.8083127  -0.11143982 -0.5017853  -0.20096554
 -0.4618837  -0.43012667  0.18856065  0.02972573 -0.58303887  0.48593894
 -0.03376778  0.42997977 -0.18365802  0.44028595  0.34642795 -0.08865365
 -0.19041942  0.11155497  0.5193235   0.6796644   0.13576733  0.27836013
  0.11800936 -0.3371749   0.7825632  -0.7506216   0.13095808  0.11508107
 -0.4423326  -0.27182296  0.02254864 -0.22150624  0.4769374   0.0718861
 -0.68088907 -0.36263943  0.06493016  0.12186793 -0.4744306  -0.8352346
 -0.00302627  0.6065927   0.11120028 -0.47402406 -1.1455408  -0.02084154
  0.36815527 -0.02621256  0.00395449  0.41141102  0.22086346 -0.37594104
 -0.30484572  0.33577275  0.49531063  0.68226546  0.26965407 -0.5096381
  0.10598675  0.15313648  0.15334041  0.11221766 -0.6153434   0.561442
 -0.06302452  0.8728128  -0.27639115 -0.27389175 -0.31818092  0.04642442
 -0.6154997  -0.24588157 -0.6356686  -0.39155433 -0.9916096  -0.36825657
  0.34736314  0.2841376  -0.23476453  0.3787645  -0.24256502  0.00360868
 -0.5050068   0.3519877  -0.50219446 -0.7709941  -0.33481392 -0.598736
 -0.74796534 -0.41245747 -0.99056554  0.5011936  -1.044998    0.08637754
 -0.5481774   0.5678619   0.09335214  0.5330871  -0.21701585 -0.76939726
  0.28068328 -0.5997723   0.13457863 -0.03434832 -0.46135285  0.14232744
 -0.01671779 -0.37382725  0.00352844  0.5570052   0.03724018  0.26931927
 -0.2351746  -0.7749725  -0.43563804 -0.03544582 -0.36582312 -0.24206579]",False,/projects/synsight/data/openphenom/norm_2_compounds_embeddings/JCP2022_022258.pt,"InChI=1S/C24H22N4O/c1-29-22-13-7-2-8-16(22)14-17(24-27-20-11-5-6-12-21(20)28-24)15-23-25-18-9-3-4-10-19(18)26-23/h2-13,17H,14-15H2,1H3,(H,25,26)(H,27,28)"
67,JCP2022_025157,GFNNBHLJANVSQV-UHFFFAOYSA-N,"InChI=1S/C16H14ClN3O2/c1-21-14-7-12-13(8-15(14)22-2)18-9-19-16(12)20-11-5-3-4-10(17)6-11/h3-9H,1-2H3,(H,18,19,20)",hit,"InChI=1S/C16H14ClN3O2/c1-21-14-7-12-13(8-15(14)22-2)18-9-19-16(12)20-11-5-3-4-10(17)6-11/h3-9H,1-2H3,(H,18,19,20)","[-1.03570998e+00  6.80739641e-01 -3.74119431e-01  9.00883228e-02
  1.75014287e-01  4.83215004e-01  7.92326212e-01  6.80001080e-01
  3.43531698e-01 -1.06941891e+00  2.42350772e-01  6.73695564e-01
 -5.06232560e-01  5.32009840e-01 -3.91722292e-01  9.60160255e-01
  5.86922288e-01  7.18291163e-01  1.07662821e+00  2.80619919e-01
  4.92205709e-01 -3.32897246e-01 -2.02483222e-01  1.36975002e+00
  9.69688773e-01  3.24347131e-02  1.93226010e-01 -6.90529466e-01
 -1.67534634e-01 -5.49695551e-01 -8.73756588e-01 -1.19034219e+00
  1.51287571e-01  1.51845291e-01 -5.05145907e-01 -2.27138609e-01
 -1.19022059e+00 -2.51359791e-01 -3.30694690e-02 -2.14745209e-01
  4.21099752e-01 -1.02385068e+00  4.66359317e-01 -9.85249519e-01
  1.03891754e+00 -9.32996869e-02  1.13612628e+00 -3.59594047e-01
  8.15752149e-01  3.38488758e-01 -8.51004243e-01 -3.77469845e-02
  3.55755031e-01 -5.95072865e-01  4.50379521e-01 -2.10695714e-01
 -2.66392767e-01  5.16608119e-01  7.31827378e-01 -2.66998522e-02
  3.52219164e-01 -1.96657665e-02  4.73977149e-01 -5.20463169e-01
  1.38771862e-01  8.42688307e-02 -6.29981160e-01 -3.80119711e-01
 -1.58550394e+00  5.30346222e-02  7.90830672e-01 -8.71125698e-01
  1.71326637e-01 -6.04702413e-01  1.77647978e-01 -7.60538340e-01
  2.29083568e-01 -8.41416657e-01 -3.05941045e-01 -6.79512858e-01
 -3.65374647e-02  8.50616276e-01  2.52726138e-01 -1.45896330e-01
  2.69153923e-01 -2.40914911e-01  9.58446264e-02  7.12154135e-02
  7.23107338e-01 -6.40733898e-01  3.03070933e-01 -5.44136822e-01
 -5.99250853e-01 -4.96714294e-01 -3.72692466e-01  3.57757390e-01
  9.91183743e-02  2.12220818e-01  4.62650925e-01 -2.20429033e-01
  7.14045048e-01 -3.08513939e-01 -1.44684196e+00  1.40221834e+00
 -9.70811248e-01  4.98907864e-01 -1.80618250e+00  1.64655745e+00
 -3.78075778e-01  4.53091376e-02  2.24043995e-01  1.19418061e+00
 -2.36699730e-01  9.34348069e-03  2.07595870e-01  1.65821865e-01
 -3.83156747e-01  4.86744076e-01  8.23492169e-01 -2.34961227e-01
  1.05436039e+00 -1.75570890e-01  4.53702867e-01 -1.00355697e+00
 -1.68712527e-01 -7.88084745e-01 -4.84421164e-01 -9.98880744e-01
  5.92099410e-03 -1.21494627e+00  1.51180470e+00  1.29734635e+00
 -1.54146075e-01 -1.22440004e+00 -3.64692032e-01  1.16487466e-01
  7.36034632e-01  1.14287043e+00 -7.29753137e-01  1.08840370e+00
 -7.10795939e-01 -7.48702168e-01  3.52995694e-01  1.21216464e+00
 -1.09701610e+00  2.29147561e-02  8.55004430e-01  4.59619135e-01
 -6.30671799e-01 -1.79461241e-01 -9.34813142e-01  2.25578949e-01
 -6.74970508e-01  6.70103192e-01  3.05422366e-01 -4.53874886e-01
  4.35202897e-01 -4.06026840e-04 -8.31327796e-01 -1.53017318e+00
 -8.19657981e-01  1.37249976e-01  4.54759604e-04 -2.05479711e-01
  7.24676028e-02 -9.51581955e-01 -1.46784186e+00  3.63816202e-01
 -8.96000206e-01  1.36071686e-02 -1.08640897e+00 -3.26457411e-01
  7.51379132e-01 -3.33069205e-01  3.46262842e-01 -6.35666370e-01
 -3.69499534e-01 -8.07620823e-01  7.73677081e-02 -4.18101177e-02
 -4.84952122e-01 -5.64680815e-01 -1.24100411e+00 -4.85602558e-01
  6.07435703e-01 -9.04378533e-01 -4.86142546e-01 -3.53933573e-01
  3.64415973e-01  2.65340924e-01  3.69915843e-01  5.06962597e-01
 -4.00959030e-02  2.02051714e-01  6.61996543e-01 -5.10665834e-01
 -5.78951061e-01  1.86659619e-01 -4.57209349e-01  3.77818942e-02
  7.48062283e-02  5.05849063e-01  7.40109801e-01  5.79980090e-02
  2.99341232e-01  4.07493740e-01  4.00178134e-01  2.83703804e-01
 -9.76404622e-02  5.77429831e-01 -8.56239676e-01  1.21496376e-02
  3.39242816e-01 -1.31790042e-01 -4.78531927e-01 -1.92614749e-01
  8.69708538e-01 -7.34866500e-01 -1.18969274e+00 -1.07769942e+00
 -1.68543911e+00  5.97608626e-01 -4.32430327e-01 -9.34244394e-02
 -6.03433192e-01 -2.82586992e-01 -6.42185032e-01  3.75148326e-01
  3.16359103e-01  1.13570811e-02  2.89313793e-01 -2.37988591e-01
  1.78245199e+00  1.60466599e+00 -9.95780170e-01 -2.33850271e-01
 -7.45994210e-01 -8.19336995e-02 -1.74626902e-01 -3.09969097e-01
  5.73445201e-01  1.75657436e-01  5.94873905e-01 -2.77168751e-01
  3.95622998e-01 -2.53240228e-01  5.68447948e-01 -3.54434371e-01
 -2.84234852e-01  1.69541031e-01 -4.71311182e-01 -2.03296214e-01
  1.88535184e-01  2.84192294e-01  5.20060658e-01  2.87521571e-01
  2.14933589e-01 -4.04486001e-01 -8.55412126e-01 -5.92628658e-01
 -7.16112494e-01  7.85755098e-01  7.07340539e-02 -1.77203421e-03
 -1.44123703e-01 -1.08717227e+00  4.23564136e-01  6.27609372e-01
 -1.28646088e+00 -1.21429861e-01  4.39322472e-01  3.44363414e-02
  5.71430564e-01 -6.49854660e-01 -1.54040587e+00 -3.50536890e-02
 -1.23370528e+00 -1.02628970e+00  3.06774914e-01  7.91338325e-01
 -8.83817792e-01 -2.60129392e-01 -9.56987679e-01  4.42350954e-01
  9.76392090e-01  1.69127047e-01 -1.56101122e-01 -2.99568474e-01
  5.24499714e-01 -8.50179940e-02  9.45639238e-02 -4.17155445e-01
 -1.44788742e+00 -5.76005578e-02  4.93833840e-01  6.27873987e-02
  1.16149402e+00 -9.09294724e-01  5.72470367e-01 -1.11583161e+00
 -5.12629867e-01 -9.38269496e-01 -6.23442456e-02  1.57828197e-01
 -1.75572544e-01 -9.38172787e-02  1.12051153e+00 -3.15691680e-01
 -8.37400436e-01 -5.47540605e-01 -3.44682872e-01 -7.94397369e-02
  6.10623360e-01  3.93580973e-01  7.35885322e-01  3.12768728e-01
 -5.08540988e-01  1.23226773e-02  1.36336827e+00  1.47949249e-01
 -1.01807928e+00  4.73034918e-01  9.83476818e-01 -2.03838110e-01
 -1.38098121e+00  8.30601901e-02  6.42366409e-01  3.34946215e-01
 -6.06242776e-01  1.07965636e+00 -4.41044331e-01 -2.27273464e-01
  1.41623467e-01 -4.35768217e-01  6.75564632e-02 -1.09240508e+00
 -9.82297063e-01  1.13114521e-01 -4.34861332e-03 -5.71318626e-01
 -1.01063633e+00 -8.28953922e-01 -4.67452914e-01  8.63828480e-01
 -1.52868617e+00  4.10851896e-01  1.05549276e+00 -8.52315247e-01
 -5.63670456e-01 -7.85104185e-02 -4.33241017e-02 -7.37143874e-01
  1.30091286e+00 -1.05301332e+00 -7.66922474e-01  5.63482754e-02
 -5.18669784e-01  1.11165679e+00 -5.66157103e-01 -5.62210441e-01
 -7.68226326e-01 -3.99961740e-01 -6.00837409e-01 -3.94170821e-01
 -1.02027021e-01 -1.71514392e+00  5.01577854e-02 -1.13742827e-02
  1.16325116e+00 -2.15048760e-01  3.80370408e-01 -1.20583808e+00
  4.34103101e-01 -5.32635927e-01 -1.53614849e-01  5.38788661e-02
  1.16218165e-01 -5.57149529e-01 -6.69262767e-01  5.99041343e-01
 -4.57603842e-01  8.39786530e-01 -8.53315651e-01 -1.98898345e-01]",False,/projects/synsight/data/openphenom/norm_2_compounds_embeddings/JCP2022_025157.pt,"InChI=1S/C16H14ClN3O2/c1-21-14-7-12-13(8-15(14)22-2)18-9-19-16(12)20-11-5-3-4-10(17)6-11/h3-9H,1-2H3,(H,18,19,20)"
71,JCP2022_029407,HCYAFALTSJYZDH-UHFFFAOYSA-N,"InChI=1S/C18H22N2/c1-19-13-6-14-20-17-9-4-2-7-15(17)11-12-16-8-3-5-10-18(16)20/h2-5,7-10,19H,6,11-14H2,1H3",none,"InChI=1S/C18H22N2/c1-19-13-6-14-20-17-9-4-2-7-15(17)11-12-16-8-3-5-10-18(16)20/h2-5,7-10,19H,6,11-14H2,1H3","[ 7.99450874e-02  2.37768386e-02 -6.70062006e-01 -3.40078503e-01
 -4.27509062e-02  6.90802574e-01 -1.16208054e-01  4.65294152e-01
 -5.86932003e-02 -2.82299876e-01 -5.07885277e-01  3.17350507e-01
 -4.24922019e-01 -2.68524051e-01 -4.18913126e-01  1.11482227e+00
  8.98542643e-01  1.03085828e+00  1.67694807e-01  9.75839794e-02
 -2.14536354e-01  1.65347084e-01  3.58676553e-01  1.10837221e-01
 -3.79835039e-01  3.42906475e-01 -1.49340913e-01 -2.80294269e-01
  5.53742833e-02 -8.25729549e-01  1.68215081e-01 -5.15182018e-01
  2.53133923e-01 -2.29276061e-01  7.70910084e-02  1.87157556e-01
 -1.06044817e+00  8.55297819e-02 -4.33547974e-01  2.58675307e-01
  2.99101949e-01 -3.37430984e-01  2.95703381e-01 -6.61826313e-01
  3.26326966e-01  1.67822260e-02  2.20137119e-01 -3.72243933e-02
  1.78017974e-01  7.71738946e-01 -3.06995124e-01  1.60814658e-01
  2.14222312e-01 -3.56008202e-01 -8.53447378e-01 -5.47151566e-01
 -1.11150563e-01 -8.11595976e-01 -3.59961957e-01  2.29326427e-01
 -6.64542138e-04 -7.32875884e-01  5.51101267e-01  2.62680858e-01
  4.57282305e-01  1.88975617e-01 -7.99665153e-01  4.62804466e-01
 -3.06104779e-01  4.56192307e-02 -1.95201829e-01 -4.13953513e-01
  1.55788913e-01 -4.26078200e-01 -2.72726119e-01 -2.80547649e-01
  2.11656943e-01 -4.83815998e-01  4.12866831e-01 -9.80705678e-01
  2.29111388e-01  3.31549376e-01  9.32739750e-02  4.55757648e-01
 -4.75268036e-01 -7.95210898e-01 -1.74521104e-01 -6.16976917e-01
  3.39755654e-01 -4.08014029e-01  7.25735500e-02 -4.73090678e-01
 -4.90647912e-01  2.00714037e-01 -3.73311996e-01 -1.62877604e-01
 -4.53181773e-01 -2.91248709e-01 -2.72022158e-01  2.48670444e-01
  1.84229597e-01 -1.28729463e-01 -9.44855750e-01  7.39899933e-01
 -7.65753925e-01  3.11624646e-01 -2.83164710e-01  1.21283732e-01
 -2.57293791e-01 -5.61055727e-02 -2.52166480e-01  6.22394741e-01
  3.49609643e-01 -6.16662614e-02  2.95251757e-01  7.72773206e-01
  1.58381447e-01  1.28929698e+00  9.82348025e-02 -5.03344595e-01
  4.05457824e-01  4.86490756e-01  3.19726437e-01  4.66857851e-02
 -9.16283652e-02 -5.30684590e-01 -3.29212308e-01 -1.79143950e-01
 -3.40726376e-01 -5.15109599e-01  6.83594942e-01  1.96580291e-01
 -2.15940133e-01 -2.80658394e-01  2.69122720e-01 -4.94652957e-01
  7.39699453e-02  8.80942643e-02 -4.74685103e-01  3.80731434e-01
 -2.37560570e-01 -3.95599484e-01  9.12132263e-02  4.64370519e-01
 -6.22028112e-01  3.12409610e-01 -2.13424727e-01 -1.92562100e-02
  3.56010608e-02  8.94966602e-01 -6.87898338e-01 -1.28123388e-02
  5.74022122e-02  2.69214064e-01  2.17924297e-01 -3.32411021e-01
  1.12056248e-01 -1.45584404e-01 -6.00786328e-01 -9.55304682e-01
 -9.68694612e-02 -2.43608549e-01  2.62522519e-01 -4.74148482e-01
 -2.58374006e-01  8.01703036e-02 -4.20891255e-01 -6.81191742e-01
 -1.10936821e+00 -4.92168695e-01 -3.68430048e-01 -3.21012624e-02
  4.21608061e-01 -8.46877813e-01 -3.55607539e-01 -1.05015904e-01
 -4.94128019e-02 -6.79958165e-01 -1.85021088e-01 -1.18027091e-01
 -3.40393066e-01 -4.47803020e-01  2.97673345e-02 -1.80245578e-01
 -2.60534048e-01 -1.69592239e-02 -3.70565653e-01 -1.31408378e-04
 -5.41212499e-01 -2.77789354e-01  7.98373938e-01 -1.41497985e-01
  1.71373203e-01 -3.13943148e-01  3.55329722e-01 -4.20521051e-01
 -3.44716668e-01  3.13635200e-01  6.03759177e-02 -8.14125836e-02
  2.61475742e-01  7.99397826e-02  3.16847444e-01 -8.50673392e-02
 -3.29206735e-01  5.81932247e-01 -3.97988111e-01  1.08298707e+00
 -7.57677734e-01 -2.13078722e-01 -5.49462298e-03 -1.79478288e-01
 -4.15166140e-01 -1.05153084e+00 -4.56617206e-01 -2.51223058e-01
 -1.70984939e-01 -2.02061579e-01 -1.37208134e-01 -8.59329998e-01
 -5.74263155e-01 -1.97677627e-01 -8.22823286e-01 -2.58058995e-01
 -5.17269671e-01 -6.55391142e-02 -4.52958554e-01  5.98153882e-02
 -2.24483803e-01 -1.44407675e-01 -4.04698044e-01 -1.20237909e-01
  4.97135520e-01 -5.97272180e-02 -2.04697087e-01 -9.35989842e-02
 -3.98312539e-01  1.57394037e-01  5.94397187e-02 -4.53314297e-02
  2.34566197e-01 -5.11616945e-01 -3.44045728e-01  2.68072575e-01
 -2.14365005e-01 -1.93237975e-01  5.39135635e-01 -1.18227191e-01
  1.18246846e-01 -6.98835373e-01 -3.61100763e-01 -1.27554595e-01
  4.46897477e-01 -8.98235500e-01  2.53061473e-01  2.31170818e-01
 -1.00789011e-01 -5.49388528e-01  1.54700235e-01 -4.08650786e-02
 -2.47189477e-01 -1.25395402e-01 -7.68472910e-01 -3.72947067e-01
  5.95816970e-03 -4.82703447e-01  3.17407638e-01 -1.33047402e-02
 -2.79477388e-01 -9.22579095e-02  1.94849804e-01 -4.78284508e-01
  6.12558007e-01 -1.03847206e-01 -7.82680035e-01 -9.00726542e-02
 -2.63657540e-01  2.47295246e-01  1.71309814e-01  6.39026046e-01
 -6.34103835e-01 -4.74007875e-01 -7.13620961e-01  3.60448360e-01
  7.18293726e-01  5.30078471e-01  1.69144824e-01  3.38697046e-01
 -5.17178774e-02 -2.46507034e-01  2.92802364e-01 -4.61142868e-01
 -3.09528828e-01 -7.44471312e-01  2.89726406e-01  2.36009374e-01
  2.39612713e-01 -2.60394186e-01  1.04774606e+00  1.21424794e-02
 -3.76028627e-01 -7.59860575e-01  2.14475274e-01 -5.19850314e-01
 -8.03470671e-01 -2.25831345e-01  5.21168709e-01  2.93666780e-01
 -6.78070784e-02 -4.94445831e-01 -9.33019519e-02  4.06968951e-01
 -6.74931780e-02  2.68594772e-01  3.24211985e-01 -6.53560832e-02
 -5.18218661e-03  1.01191126e-01  8.42123944e-03 -8.39909613e-01
  5.31092286e-02  5.27857006e-01  1.33423150e-01 -5.69886386e-01
  2.04047680e-01  2.02894151e-01 -3.67268473e-01  3.97747189e-01
 -1.34299293e-01  5.45586169e-01  2.65871406e-01  4.21891093e-01
 -3.13927323e-01 -6.22467548e-02 -3.85746472e-02 -5.15977144e-02
 -3.73624057e-01  6.67253673e-01 -4.47445102e-02 -4.68086004e-01
 -1.13362753e+00 -2.15175092e-01 -4.62578982e-01  5.16097009e-01
 -8.42726469e-01  4.91467826e-02  4.93608862e-01  2.98326999e-01
 -7.58104980e-01  3.66303056e-01 -1.81032810e-02 -6.98636770e-01
  6.53913558e-01 -7.04928577e-01 -1.00019455e+00  2.66031977e-02
 -6.70443356e-01  7.41674840e-01 -1.25869179e+00 -4.23161596e-01
 -3.08044612e-01 -1.57390758e-01 -8.94357786e-02  6.04357302e-01
 -2.14938521e-01 -7.49935150e-01  2.06873640e-01 -3.72527242e-02
  9.03484404e-01 -4.78326887e-01 -7.13051856e-03  6.76692575e-02
 -4.91716946e-03  3.25637132e-01  4.19610769e-01  2.10150048e-01
 -4.98517394e-01 -2.83026993e-01  1.11864626e-01  1.07165501e-02
  6.75783083e-02 -9.13761463e-03  2.68344551e-01 -1.65097117e-01]",False,/projects/synsight/data/openphenom/norm_2_compounds_embeddings/JCP2022_029407.pt,"InChI=1S/C18H22N2/c1-19-13-6-14-20-17-9-4-2-7-15(17)11-12-16-8-3-5-10-18(16)20/h2-5,7-10,19H,6,11-14H2,1H3"
83,JCP2022_034868,IGELAJYEOYKEOS-UHFFFAOYSA-N,"InChI=1S/C16H12O4/c1-19-12-6-7-15-13(8-12)14(18)9-16(20-15)10-2-4-11(17)5-3-10/h2-9,17H,1H3",hit,"InChI=1S/C16H12O4/c1-19-12-6-7-15-13(8-12)14(18)9-16(20-15)10-2-4-11(17)5-3-10/h2-9,17H,1H3","[ 0.59158176  0.43950978 -0.63775706 -0.28083003  0.00564143 -0.20857073
  0.5673899  -0.2309345  -0.5987468  -0.06084301 -0.5774554  -0.6905554
  0.26639548 -0.65992194 -0.17405413  0.42551184  0.41358125 -0.53445864
  0.00442374 -0.9535099  -0.6424059  -0.6068255  -0.2231608   0.6623045
  0.09446377  0.93992984 -0.22234859  0.06216585  0.2548832  -1.0065246
 -0.4824057  -0.10010444 -0.4513672   0.5859469   0.5354657   0.436828
 -0.08059701  0.56498635 -1.1924537  -0.3145829   0.13549146  1.0875001
 -0.91673195 -0.7060041   0.4152342  -0.58245087  0.8678389   0.26724207
  0.31373447  0.30431178  0.42584816  0.08898598 -0.28077266 -0.7980431
 -0.19042608 -0.62826943 -0.47071522  0.63632107 -0.3462486  -0.55161464
  0.25809672 -1.1783172  -0.41473967 -0.39705563  0.03022967 -0.17892866
 -0.32643732  0.93293667  0.7115691   0.64703244  0.3342319  -0.23926052
 -0.5655718   0.09306852  0.10699756 -0.54628205  0.21301597 -0.8995854
  0.15326619 -0.960615    0.33138537 -0.5089645   0.01001161  0.02465881
 -0.7031344  -0.24012661 -0.47401553 -0.4429918   1.1176997   0.12031867
 -0.12826341 -0.4273827   0.32253397  0.8076545  -0.41014123 -0.06068806
 -0.00813495 -1.1054648  -0.40936133  0.23584616 -0.94370174 -0.094385
  0.03039809 -0.62257636 -0.05077161  0.0591714   0.1511991   0.22196704
  0.05821481 -0.42491326 -0.8128985   0.01954454 -0.03001602  0.10043211
  0.2619184   1.1460215   1.0495982   0.48286855  0.3936677  -0.7174838
 -0.29497772  0.14030749  0.11222984 -0.843236    0.03111772 -0.8096684
  0.04841734 -0.41352102  0.14997904  0.09802543  1.0277503  -1.107751
 -0.67878413  0.4994552  -0.09198982  0.13825426 -0.42447793 -0.4461915
 -0.9108856   0.05398259 -0.5278397  -0.21970925 -0.10507648  0.10526486
 -1.1294998   0.49860087  0.02866887  0.486376    0.6674277   0.01586205
 -0.71571964  0.7169938   0.42787609 -0.8035706   0.14208098 -0.12241039
  0.39154184 -0.30567122 -0.10110545 -0.5738153  -1.1658595   0.57842064
 -0.2588765   0.25439453  0.5464241   0.10335572 -0.51574063 -0.0878723
 -1.0665443   0.24223235 -0.9889033   0.36142093  0.44548225  0.04238638
  0.33669454 -0.04562921  0.48581776 -0.7549556   0.7319118   0.54576105
  0.46220022  0.3851166  -0.71617854  0.8475699   1.2119555   0.07076925
 -0.02255287  0.24851558 -1.0383239  -0.17321274  1.0903122   0.30296695
  0.46571332 -0.18545613  0.23324403  0.1893591  -0.26091802 -0.62522554
 -0.19356638 -0.31038374  0.45084286 -0.2392155  -0.41190255 -0.23628202
 -0.8698834   0.54210424 -1.2058237   0.07530836  0.10612149 -0.38392872
 -0.3603955  -0.39431113  0.3281284  -0.54595447 -0.24518573 -0.7465119
  0.41424632  0.3970046  -0.34768972 -0.7017455  -1.2744875  -0.02465879
 -0.1516672  -0.88407654 -1.3073244  -0.5475428   0.26478875 -0.027403
  0.58102196  0.26892757  0.09534533  0.49569285  0.28630418 -0.07904649
 -0.38698518 -0.3339683   0.0901581  -0.22558275  0.18807098 -0.15773547
 -0.7573039  -0.46182147  0.217439    0.7599818  -0.23189834 -0.66588676
  0.7670732   0.28701138  0.7670569   0.69227666  0.09873758  0.06138253
 -0.24631363 -0.86631227  0.63082427  0.4639178  -0.1682648  -0.79098547
  0.725531   -1.1004028   0.21637057 -0.39972073 -0.06634327 -0.0766362
 -0.24502555 -1.4730585   0.43691114  0.04481173 -0.58556473  0.1888319
 -0.9033167  -0.24485636 -0.22668709  0.11736295 -1.2630428  -0.13419655
 -0.2358442  -0.10464218  0.75927603  0.51236606 -0.7731071  -1.5137663
 -0.4878456   0.6117913   1.051049   -0.79810786  0.2954011  -0.00861768
  0.00642809 -0.14927232  0.28253645 -0.5062701  -0.39809602 -0.95636064
 -0.02372843  0.56220555  0.33564115 -0.24067953  1.0153915  -0.7004794
  0.14136036 -1.4043788  -0.17434047  0.42688644 -0.24937801 -0.8205023
 -0.40510374  1.3432108   0.95917434 -0.6536429  -0.5737386   0.0841625
  0.5494877  -0.51721674  0.8787124   0.25854272  0.08474819 -0.5482725
  0.94135875 -0.5198884   0.47152817  0.62399006 -0.15013331  0.6673071
 -0.8195101  -0.13165887 -0.21261556  0.05172821 -0.548334    0.26351726
  0.01808462 -0.39485645  0.34029007 -0.3519448  -0.73296344  0.6664622
 -0.86492324  0.3649584   0.36029172 -1.0512598  -0.8009826  -0.35394406
 -0.04057643  0.23223001 -1.3129907  -0.22882777  0.26731282 -0.26082805
 -0.8309177   0.68394774 -0.50603163  0.27624664  0.20674948 -0.23836401
 -1.1174359   0.00435914  0.08130478  0.50068617 -0.21271595 -0.09450123
 -0.22674435 -0.08727236  0.5134676   0.611937   -0.39072263 -0.81493324
 -0.5835701  -0.58463365 -0.33214134  0.05017056 -0.5331353   0.02883479
 -0.64376605 -0.3241997  -0.24556322 -0.2947002  -0.40957463  0.64566284
 -0.49647892 -0.21367556 -0.15631138  0.0891081  -1.2803066  -0.69862854]",False,/projects/synsight/data/openphenom/norm_2_compounds_embeddings/JCP2022_034868.pt,"InChI=1S/C16H12O4/c1-19-12-6-7-15-13(8-12)14(18)9-16(20-15)10-2-4-11(17)5-3-10/h2-9,17H,1H3"
89,JCP2022_038543,JAQBWXRSKSVJFG-UHFFFAOYSA-N,"InChI=1S/C17H16N2O4S2/c1-21-12-7-10(8-13(22-2)15(12)23-3)16(20)19-17-18-11(9-25-17)14-5-4-6-24-14/h4-9H,1-3H3,(H,18,19,20)",hit,"InChI=1S/C17H16N2O4S2/c1-21-12-7-10(8-13(22-2)15(12)23-3)16(20)19-17-18-11(9-25-17)14-5-4-6-24-14/h4-9H,1-3H3,(H,18,19,20)","[-3.63615721e-01  5.69359899e-01 -1.63822961e+00  3.76446426e-01
 -6.30429983e-01  4.63991523e-01  2.36524343e-02  5.56865871e-01
 -1.94744259e-01 -6.53120875e-01 -2.10927904e-01  8.58386695e-01
 -9.79279637e-01  6.21865153e-01 -4.09672558e-01  1.74966037e-01
  2.08059743e-01  2.03532249e-01  1.14847493e+00  1.59384042e-01
 -3.40173960e-01 -1.16370213e+00 -5.84694088e-01  1.13498092e+00
  5.14365554e-01 -8.27541500e-02  1.05713218e-01  4.33552265e-01
  2.32315630e-01 -4.55883712e-01  5.29615730e-02  3.82109553e-01
  2.85884559e-01 -8.25051486e-01  3.85725886e-01 -3.51267457e-01
 -4.04638231e-01 -9.75915343e-02  2.24963099e-01  9.95646492e-02
 -1.82956025e-01 -8.65300775e-01 -8.47343132e-02 -1.16819572e+00
  1.00827861e+00 -3.46701622e-01  3.12945098e-01 -5.89198112e-01
 -5.98904490e-02  5.80389261e-01 -5.11437058e-02  3.70736182e-01
  6.09565437e-01 -1.30261108e-01  6.09747291e-01  6.76510930e-01
  4.77034807e-01 -5.25415421e-01  9.66822386e-01 -4.42783386e-01
  1.40762496e+00  1.66545302e-01  1.22621799e+00 -9.98309195e-01
  4.69130933e-01 -2.25016564e-01 -1.15688157e+00  2.83867866e-02
 -4.65781868e-01 -1.77612409e-01  4.07152474e-01 -9.29655492e-01
  3.14367652e-01 -4.64801341e-02  4.36525226e-01 -9.90732133e-01
  1.09259963e+00 -1.14402986e+00 -3.64105403e-01 -5.85617483e-01
  8.01503658e-02  1.05038249e+00  1.29207730e-01  4.25610244e-01
 -4.78880890e-02 -2.62801051e-01  2.92921454e-01  2.33922452e-01
  2.29510456e-01 -7.96163559e-01  8.08526874e-02 -2.75793493e-01
 -1.00285590e+00  2.15884566e-01 -1.32209003e-01 -2.96902239e-01
 -2.90435791e-01 -8.89120400e-02 -9.74902511e-02 -4.17835236e-01
  9.95307341e-02  1.79179206e-01 -1.30508840e+00  1.24184871e+00
 -5.70001543e-01 -4.03063446e-01 -1.12044144e+00  8.86478305e-01
 -1.13882351e+00  1.04394324e-01 -1.71923661e+00  6.01983011e-01
 -4.45720106e-01 -1.63978860e-02  1.26721025e-01 -5.77361226e-01
  1.35284141e-02  3.72939497e-01  1.50269270e-03 -3.63070130e-01
  7.11993277e-01  3.03738117e-01  9.72860813e-01 -1.17616415e+00
  7.95741796e-01 -3.68918628e-02  6.43177450e-01 -4.94562209e-01
 -1.41103637e+00 -9.04689550e-01  4.40625101e-01  1.41062927e+00
 -2.03157187e+00 -6.91439867e-01 -6.83202803e-01 -3.11786741e-01
  7.37073720e-01  9.24857318e-01  2.72741735e-01  1.43543169e-01
  9.35340077e-02 -1.25184083e+00  2.22837627e-01  8.56837571e-01
 -3.76506180e-01  1.58388227e-01 -3.69449526e-01  4.64865237e-01
 -7.21484572e-02  8.11258554e-01 -4.86132234e-01  6.22661114e-01
 -1.02820575e-01  6.74680531e-01  2.16827720e-01 -3.25006008e-01
  5.91195896e-02  4.23764229e-01 -1.04142904e+00 -6.36519313e-01
  2.66286254e-01 -6.39975369e-01  3.96655202e-01 -1.82582870e-01
 -3.42000276e-01 -6.82987928e-01 -1.06320071e+00  9.38327909e-01
 -1.19443738e+00 -5.97649693e-01 -2.33658224e-01  5.44474423e-01
  3.17354292e-01 -1.10293186e+00  2.94893056e-01 -8.28632474e-01
  2.55438685e-01 -1.16539550e+00 -8.87731463e-02  1.12303607e-01
  6.59971118e-01 -4.46179956e-01 -8.63708407e-02 -5.45225561e-01
 -5.64000487e-01 -3.06110233e-01 -5.44041932e-01  5.61818182e-02
 -7.74627268e-01  6.45785868e-01  3.18936169e-01  3.08751583e-01
 -1.81019455e-01  1.66390359e-01  1.73163801e-01 -9.83468056e-01
  5.61133176e-02 -2.10481644e-01 -1.31843999e-01 -1.25519443e+00
  3.22043866e-01  5.45979202e-01  5.37773013e-01  2.79185683e-01
  4.02276933e-01 -5.93491077e-01 -6.47903234e-02  7.08761573e-01
 -7.03863740e-01  8.29583526e-01 -7.78223753e-01  2.91878879e-01
  1.03082366e-01 -6.21048570e-01 -5.33120513e-01 -5.87722957e-01
  5.51132321e-01 -8.59506607e-01 -3.94960403e-01 -4.43392128e-01
 -1.11020291e+00  2.92223275e-01 -5.60657442e-01  1.00739747e-01
 -8.37634087e-01  1.25345141e-02 -7.41383851e-01 -1.56963214e-01
 -3.76526043e-02  6.48760259e-01  7.49444962e-01 -1.45459563e-01
  1.07617235e+00  7.35081911e-01  1.43048733e-01 -1.04474545e-01
 -7.67392457e-01  4.53069806e-01 -2.20181644e-01 -7.04040289e-01
  8.78762782e-01  4.52382565e-01  3.07116836e-01  7.39178300e-01
  4.48929012e-01 -8.03769290e-01  1.27095079e+00  3.11583340e-01
 -1.89386964e-01 -5.98403037e-01 -3.96817386e-01  4.40183759e-01
  8.36729407e-01 -1.04607427e+00  1.66406304e-01 -2.48082578e-01
  9.17696476e-01 -1.07367241e+00 -8.41510773e-01 -5.20313531e-02
 -5.02222002e-01  2.89407551e-01 -1.01161706e+00 -2.76581198e-01
 -1.62349224e+00 -7.00092912e-01  6.72033310e-01  6.62329197e-01
 -7.27746308e-01 -7.79328823e-01  3.55696052e-01 -4.94923472e-01
  3.04743558e-01 -6.79559767e-01 -1.58430314e+00  4.78553593e-01
  1.67948574e-01  5.70822358e-02 -1.49966612e-01  3.93507481e-01
 -5.85778356e-01 -4.82705384e-01 -1.28487676e-01  8.48726690e-01
  1.24317265e+00  2.25657761e-01  9.57330465e-02  2.77286857e-01
  3.61090481e-01 -3.60956252e-01 -5.02096117e-03 -6.24417007e-01
 -7.81423509e-01  1.58290356e-01 -3.85437161e-03 -1.22283071e-01
  2.67117858e-01  1.06874669e+00 -2.16179878e-01 -4.96142477e-01
  4.39070404e-01 -9.36399877e-01 -1.97191536e-01  6.55881643e-01
 -9.26898420e-02 -2.30694234e-01  6.23109639e-01 -3.62185478e-01
  3.83259147e-01  3.84789109e-02 -6.85930371e-01 -9.57451761e-01
  3.27177823e-01 -2.19977304e-01 -5.23030281e-01 -1.53586015e-01
 -4.30047184e-01 -2.81182885e-01  6.45860553e-01 -3.86917830e-01
 -4.58265066e-01 -8.34328890e-01 -1.83217153e-02 -1.22673845e+00
 -1.01818919e+00 -2.20544592e-01 -8.39475751e-01  4.50143367e-01
 -5.27324319e-01  7.55026639e-01 -1.34307906e-01 -2.02878952e-01
 -5.63308120e-01 -7.83528090e-01  7.17531085e-01 -4.50019449e-01
  1.89316660e-01  4.95020121e-01 -1.78164363e-01 -9.33217928e-02
 -3.85411918e-01  1.78684577e-01  3.35057676e-01  1.87392905e-01
 -4.48708236e-01  7.39404082e-01  1.26143765e+00  1.48445117e+00
 -3.44737351e-01  1.12502217e-01  9.36107039e-02  1.45232558e-01
  1.70392454e-01 -5.72210789e-01 -5.49180388e-01  3.65443736e-01
 -7.79012501e-01  1.58592606e+00 -4.94616002e-01 -7.65439570e-02
 -3.17082494e-01  4.76250619e-01  6.19437620e-02  9.88024622e-02
 -2.65668452e-01 -1.28650534e+00  5.34513533e-01  8.99100155e-02
  1.62097943e+00 -2.57961452e-01  8.14737082e-01 -1.53972089e-01
  1.59681544e-01  1.23667188e-01 -8.28543901e-02  1.16244543e+00
 -2.95679420e-01 -8.35276186e-01  1.00264467e-01 -4.04849589e-01
  4.11369473e-01  2.43675813e-01 -4.94041622e-01 -7.16406778e-02]",False,/projects/synsight/data/openphenom/norm_2_compounds_embeddings/JCP2022_038543.pt,"InChI=1S/C17H16N2O4S2/c1-21-12-7-10(8-13(22-2)15(12)23-3)16(20)19-17-18-11(9-25-17)14-5-4-6-24-14/h4-9H,1-3H3,(H,18,19,20)"
96,JCP2022_041800,JSASWRWALCMOQP-UHFFFAOYSA-N,"InChI=1S/C23H25NO/c1-18(2)24(17-19-8-4-3-5-9-19)15-14-23(25)22-13-12-20-10-6-7-11-21(20)16-22/h3-13,16,18H,14-15,17H2,1-2H3",hit,"InChI=1S/C23H25NO/c1-18(2)24(17-19-8-4-3-5-9-19)15-14-23(25)22-13-12-20-10-6-7-11-21(20)16-22/h3-13,16,18H,14-15,17H2,1-2H3","[-0.7185198   0.82546437 -0.2236263  -0.79209673  0.8541579   0.1770644
  0.26607478 -0.3564235   0.42705303 -0.04031098  0.13617264  0.37934044
 -0.00880498 -0.210244   -0.7006357   0.65387416  0.09742787  0.01909409
 -0.530254   -0.09581786 -0.43212986 -0.29578403  0.17142187 -0.06654253
  0.10305472  0.9503849  -1.0288699  -0.16341111  0.06728517 -0.38581932
 -0.22089975 -0.32266468  0.02661882  0.17223777  0.19597295  0.62757874
 -0.26999694 -0.14397192 -0.4462838   0.09313683  0.5723115  -0.11348661
 -0.19565628 -0.21827881 -0.54560006 -0.2038975  -0.34537184  0.8344812
  0.29942197 -0.38961753  0.3685751  -0.21188962 -0.57109684  0.42422625
 -0.61914325 -0.4996932  -0.06793179 -0.30014187 -0.6466208   0.37810534
  0.43872625 -0.44927803 -0.13615113  0.2900225  -1.0712272   1.0926292
  0.23976327  0.69680434 -0.24038139 -0.5496974  -0.52403504 -0.1033315
 -0.2530762  -0.4062946   0.36055857 -0.64063644  0.07254849 -0.88462794
  0.01070311 -0.08643971  0.7142514  -0.51414645 -0.2311902  -0.41040945
 -0.07308832 -0.33232313  0.37831226 -0.4064068   0.7511426  -0.12222001
 -0.94588155 -0.09427263  0.1403422   0.57106435 -0.58643746  0.83689904
 -0.03561009 -0.12475777 -0.22968891  0.63039035 -0.2101798   0.36638704
 -0.06550286 -0.35174403  0.09227791  0.4656369  -0.07775262 -0.3025512
 -0.20395683 -0.31355274  0.3016776  -0.15412515  0.24682847 -0.31956983
  0.23555124  0.3390255  -0.77559555  0.54890555 -0.42349416  0.07979807
  0.592957   -0.6143761   0.4748088   0.48051685 -0.02356121 -0.28947192
 -0.5722343   0.35985607  0.2386706  -0.46588922  0.34077054 -0.39580593
 -0.10341224 -0.460403    0.17626974  0.6854732   0.68656665  0.9912147
  0.22743812 -0.32480082  0.5096573   0.14631248 -0.10296605 -1.2689667
 -0.727335    0.27369142  0.783221   -0.4262284  -0.00459257  0.64425445
 -0.20332512 -0.8685357  -0.9070514  -0.41763276  0.1400319  -0.6603803
  0.2094786   0.65257525  0.08976996 -0.25541028  0.31047228  0.16710626
 -1.019482    0.07521822  0.03718002 -0.05346449 -0.8332819  -0.20347393
  0.03061378 -0.14879784 -0.40236354 -0.7665587  -0.39145336 -0.38824946
 -0.00151956  0.04510755  0.43490398 -1.1510996   0.35634378  0.599876
  0.76758933  0.16212267 -0.79017204  0.29965734  0.82471     0.60701656
 -0.51372325  0.24100728  0.44350952 -0.18600516  0.3989625   0.42053166
 -0.80176604  0.44336927 -0.19495472  0.40794945 -0.42605075  0.58538085
 -0.4460356   0.10381993  0.15399513  0.23785716 -0.32730597  0.5975967
 -1.3413329   0.632395   -0.3981263  -0.46161276  0.10422727 -0.7224109
 -0.00434398  0.05168283 -0.04180231  0.26069844 -0.06760928 -0.1335772
  0.12333858  1.1708218   0.28570917 -0.78758806 -0.38406247  0.9433353
 -0.54998153 -0.24443135 -0.28574884 -1.295399   -0.07811252  0.41058946
  0.20140782 -0.2919061  -1.2048438  -0.12898943 -0.70544267 -0.6325071
 -1.1464537  -0.06141087 -0.00948822 -0.32609808 -0.0726843  -0.70838386
 -0.4768808  -0.4836999  -0.9401525  -0.15130894 -0.07680696 -0.83489513
 -0.4833361   0.74587977  0.53823733  0.6511209  -0.27325317  0.3295447
 -0.02233362 -0.25382656 -0.14788783  0.3551189   0.49853027 -0.2337417
 -0.27339897 -1.0282826  -0.338612   -0.46343374 -0.56318367 -0.17924379
 -0.30958873 -0.48072362 -0.73941445 -0.30926955  0.24794218  0.7248993
  0.01359035  0.5017606  -0.00516188 -0.10905139 -1.3177214   0.30407378
  0.47601357 -0.4453536   0.11024679 -0.5509589  -0.5316015  -1.1604892
 -0.5703834   0.90700686  0.5207995   0.5894244   0.64574873  0.2891181
 -0.5470563   0.37934437 -0.09696071  0.6429732  -0.5759623  -0.34852314
  0.06142774  0.0588915   1.1341105  -0.3667558   0.6127684  -0.3248948
 -0.54734993 -0.5965287  -0.9468548  -0.17216308 -0.3669799  -0.18256721
 -1.2595947   0.3866907   0.37403798 -0.06372965 -0.09878755  0.24987912
  1.2393235  -0.16338113 -0.714731    0.3346622  -0.191564    0.5333269
  0.41367173  0.6014596   0.07967731  0.34328574 -0.3967219   0.08969653
 -0.12166405  0.25034148  0.9388252   0.15494332  0.26619494  0.612416
  0.582035   -0.9363303  -0.38679612 -0.45427993 -0.95180804  0.17026612
 -0.41299406 -0.01285014  0.09472863 -0.6044559  -0.44894034  0.30707526
 -0.84420717 -0.37316972 -0.09161001 -0.00549138 -0.3286671  -0.10978442
 -0.23366892  0.41783518 -0.5910544  -0.88483685 -0.10335101  0.25441724
  0.06352261 -0.97425014 -0.76477116  0.41896138 -0.5226791  -0.4051568
  0.48446947  0.08760916 -0.20439515  0.7631567  -1.1021707   0.34855515
 -0.83188415  0.1299468   0.05513708 -0.56107277  0.4318422  -0.14295547
  0.39636308  0.00857     0.3040294  -0.730276    0.3422662   0.13523749
 -0.39614552  0.02728605 -0.14309888 -0.20038064 -0.6470691   0.06327432]",False,/projects/synsight/data/openphenom/norm_2_compounds_embeddings/JCP2022_041800.pt,"InChI=1S/C23H25NO/c1-18(2)24(17-19-8-4-3-5-9-19)15-14-23(25)22-13-12-20-10-6-7-11-21(20)16-22/h3-13,16,18H,14-15,17H2,1-2H3"
97,JCP2022_042499,JWBOIMRXGHLCPP-UHFFFAOYSA-N,"InChI=1S/C14H10Cl4/c15-10-7-5-9(6-8-10)13(14(17)18)11-3-1-2-4-12(11)16/h1-8,13-14H",none,"InChI=1S/C14H10Cl4/c15-10-7-5-9(6-8-10)13(14(17)18)11-3-1-2-4-12(11)16/h1-8,13-14H","[ 3.06066990e-01 -3.34322929e-01 -3.96670789e-01  4.58158627e-02
 -8.54497910e-01  9.09527421e-01  1.09102643e+00  3.08166325e-01
  5.53595126e-02 -1.23430826e-01  1.15692675e-01  1.43416822e-01
 -5.30910134e-01 -1.42622083e-01  1.18808232e-01  1.76580489e-01
  3.14725965e-01  4.20644760e-01 -6.14987127e-02 -1.05845618e+00
 -8.53272825e-02 -3.84935349e-01 -6.83431327e-01  4.31577593e-01
 -4.61738497e-01  4.21630800e-01 -1.13858506e-01  2.05557317e-01
 -1.79512501e-01 -8.83634567e-01 -3.30595315e-01 -6.09688640e-01
 -1.37992427e-01 -8.31770885e-04 -3.68144393e-01  5.60347378e-01
  1.03381157e-01  5.12988508e-01  1.06025837e-01 -9.98528183e-01
  2.91675419e-01 -2.53414869e-01  4.40935269e-02 -6.87465549e-01
  1.15630782e+00  6.54204726e-01  1.70695692e-01 -2.95624644e-01
  1.21733439e+00  4.63860333e-01 -3.92259300e-01 -7.46026486e-02
  2.77641833e-01 -4.81922626e-01 -5.29074013e-01 -2.31105372e-01
  2.66438335e-01  3.21869433e-01 -3.25203121e-01  1.73201323e-01
  1.71488121e-01 -1.18496013e+00  9.99139920e-02 -1.30081385e-01
  3.32154423e-01  1.45047948e-01 -3.46209586e-01  2.84727782e-01
 -8.24509799e-01  8.40351582e-01  3.39537948e-01 -6.72448754e-01
 -3.17464650e-01 -1.22400723e-01 -1.17561147e-01 -1.15322793e+00
  1.33151319e-02 -1.20816243e+00 -3.30523193e-01  2.06930250e-01
  2.60281980e-01  8.98778439e-02 -3.90395999e-01 -4.39834177e-01
 -3.21416497e-01  8.24803710e-01 -5.32311559e-01 -5.83195210e-01
  4.61642921e-01  1.38933823e-01  2.32808560e-01  1.69469208e-01
 -1.08562469e-01 -3.29331815e-01 -4.01058823e-01 -1.14096925e-01
 -9.70243439e-02 -4.77015406e-01  1.55098826e-01  6.97923243e-01
 -1.33891374e-01  4.39169228e-01 -8.54794860e-01  2.75826514e-01
 -3.69392455e-01  8.75375390e-01 -1.16981435e+00  7.34559059e-01
 -1.36120673e-02  2.09425732e-01 -1.81293800e-01 -6.08864963e-01
 -5.84807873e-01  9.65088367e-01  3.91168088e-01  2.86528140e-01
 -2.24628359e-01  7.37824380e-01  1.17315970e-01 -8.19037557e-01
  4.82412994e-01 -5.14271915e-01  1.95930660e-01 -1.00817132e+00
  3.16086501e-01 -7.57714629e-01 -7.38615096e-01  1.14782467e-01
 -1.78032607e-01 -2.79944539e-01  1.28884292e+00  5.48638642e-01
 -8.79255474e-01 -8.90476823e-01 -4.86664861e-01 -3.39950085e-01
  3.19594949e-01  3.67222160e-01 -4.26926792e-01  7.57090986e-01
  7.14551210e-01 -2.92241156e-01 -3.15324157e-01  3.33939970e-01
 -5.20025432e-01 -2.59502947e-01 -2.46152326e-01 -2.99451590e-01
 -5.33941388e-01  6.87877834e-01  1.50713250e-01  3.67741823e-01
  4.16938603e-01  2.80807968e-02  1.00405715e-01 -1.93385914e-01
  5.22067845e-01 -5.56051672e-01 -6.09690726e-01 -1.27966380e+00
 -3.18233252e-01  1.96367666e-01 -2.62796879e-04 -2.51434237e-01
  1.24549247e-01 -1.09395102e-01 -6.35303617e-01  7.00448513e-01
 -5.94380915e-01  2.69210458e-01 -1.11277364e-01 -5.91488957e-01
  1.32928252e-01  1.34209499e-01  1.53558731e-01 -1.00025022e+00
  5.36292791e-02 -8.79426122e-01 -3.80813032e-02  3.68343383e-01
 -2.86487788e-01 -5.12925267e-01 -4.70545143e-01  5.86328208e-02
  5.85322022e-01  6.10750794e-01 -3.30671780e-02 -1.02317595e+00
 -8.10616672e-01 -4.86310065e-01  1.76121205e-01 -6.80274844e-01
 -9.22715440e-02  5.10108769e-01 -2.42385536e-01  1.01464845e-01
  1.20672341e-02 -5.00623882e-01  2.96700805e-01  1.19570550e-02
 -1.77685827e-01 -3.96989770e-02  7.62595177e-01  4.95586812e-01
 -3.16914991e-02 -5.90972245e-01 -6.86736763e-01  1.43068209e-01
  8.48887801e-01 -1.04789472e+00 -3.48126054e-01 -1.55318812e-01
  2.72455633e-01 -7.04540730e-01 -6.96287870e-01 -2.30699539e-01
  7.44386673e-01  1.24714181e-01 -4.79882389e-01 -1.63423693e+00
 -1.06870461e+00 -5.29243410e-01 -3.35351557e-01 -9.63198543e-01
 -1.17818809e+00 -7.65041709e-01 -2.58443058e-01 -3.07574689e-01
 -3.78798991e-01  1.29994535e+00  2.03828570e-02 -7.35724866e-02
  5.56050539e-01  2.34859943e-01 -4.52973783e-01 -6.48773491e-01
 -1.26833454e-01  2.62665927e-01  8.18956256e-01 -2.28055090e-01
 -3.11125904e-01  3.29799652e-01 -2.17516109e-01  1.37817729e+00
  4.59404767e-01 -8.06670338e-02  7.95884967e-01  1.99256957e-01
 -2.20028073e-01 -4.26457167e-01 -3.96644354e-01 -1.43793672e-01
  6.67298585e-02 -1.07019997e+00  2.35804707e-01  8.97604346e-01
  3.61562043e-01 -9.06095147e-01 -2.31533833e-02 -7.92067885e-01
  4.93705362e-01 -3.67982477e-01 -4.54486132e-01 -1.67069405e-01
 -1.34423822e-01 -1.10041821e+00  1.41175783e+00 -1.38457119e-01
 -1.56026685e+00 -9.84485000e-02 -8.54939781e-03 -7.66059220e-01
  6.88035965e-01 -2.80789882e-02 -6.46489263e-01  2.70314932e-01
 -2.92919815e-01  2.07626343e-01  2.80400276e-01  2.79901296e-01
 -8.23107600e-01 -8.06700885e-01 -1.12492301e-01  5.09697735e-01
  8.11936557e-01 -3.76603310e-03 -1.82844713e-01  2.14471966e-01
  1.34379774e-01 -6.73849061e-02  1.85625046e-01 -4.57941353e-01
 -7.17088699e-01 -2.54509449e-01  5.87053299e-01  4.51896608e-01
  5.88831902e-01  2.14047581e-01  3.75171483e-01 -8.85001063e-01
 -4.25669521e-01 -1.30739176e+00  4.50654358e-01 -2.57542700e-01
  1.77210569e-03 -2.23992318e-01  9.12684649e-02 -3.76961648e-01
 -5.52741408e-01 -4.97669876e-01  8.62639606e-01 -8.69915605e-01
 -1.99511256e-02  7.45346919e-02  4.23970163e-01  9.50814933e-02
 -1.13821292e+00  1.19543493e-01  4.88025814e-01 -7.71039486e-01
  1.03599116e-01 -1.23092994e-01  1.00529149e-01  3.45449686e-01
 -8.97800267e-01  1.64437860e-01  5.69982886e-01  2.23449226e-02
 -4.74870622e-01  6.20070815e-01 -1.36183754e-01 -6.97285533e-02
  8.79477710e-02 -4.17242825e-01 -2.84835517e-01 -4.51207072e-01
 -1.15012348e+00 -3.25365335e-01 -2.61547893e-01 -1.75050288e-01
 -5.77453613e-01  1.07029919e-02  1.27361611e-01 -1.66501239e-01
 -8.21640849e-01  3.29089984e-02  5.38898587e-01  6.07278764e-01
 -3.20713557e-02 -5.01538634e-01 -1.71226531e-01 -1.11675608e+00
  1.62404850e-01 -5.14395118e-01 -1.38536835e+00 -1.82745770e-01
 -5.66043019e-01  6.49538875e-01 -8.59675586e-01 -1.64049298e-01
 -8.29327762e-01  4.93549593e-02 -2.90183604e-01  7.04285651e-02
 -4.31672961e-01 -5.22676170e-01 -7.36397803e-01  1.85707480e-01
  2.39779919e-01 -7.76166081e-01  4.90913093e-01 -5.84696472e-01
 -3.20047028e-02  6.64861500e-01  6.13562942e-01 -4.79630455e-02
  1.72170922e-01 -4.09363270e-01  5.91955662e-01  8.13073814e-01
  6.24103658e-02  1.61685556e-01 -7.68633544e-01 -5.36488891e-01]",False,/projects/synsight/data/openphenom/norm_2_compounds_embeddings/JCP2022_042499.pt,"InChI=1S/C14H10Cl4/c15-10-7-5-9(6-8-10)13(14(17)18)11-3-1-2-4-12(11)16/h1-8,13-14H"
109,JCP2022_046511,KRIUNPBAQZGFQA-UHFFFAOYSA-N,"InChI=1S/C14H8N2O/c17-14-9-5-2-1-4-8(9)13-12-10(14)6-3-7-11(12)15-16-13/h1-7,17H",hit,"InChI=1S/C14H8N2O/c17-14-9-5-2-1-4-8(9)13-12-10(14)6-3-7-11(12)15-16-13/h1-7,17H","[ 2.22778082e-01 -4.17948008e-01  1.31678041e-02  1.81558117e-01
  3.91695015e-02 -4.74556625e-01  1.01409745e+00 -8.30156133e-02
  3.32431905e-02 -1.01606643e+00 -7.24509597e-01  5.52992404e-01
 -9.65992063e-02 -5.25882840e-01 -6.79964662e-01  1.68247744e-01
 -2.84056485e-01  1.54095203e-01  3.52063268e-01 -1.82279378e-01
  4.25334364e-01  3.58500808e-01 -4.60391611e-01  6.61198974e-01
 -1.69939831e-01  5.77261090e-01 -3.68005216e-01  4.87557113e-01
 -5.29224098e-01 -2.55749859e-02 -3.31153572e-01 -9.16606903e-01
 -1.26181124e-02  2.67933637e-01 -1.15443194e+00 -5.42740464e-01
 -5.26999414e-01 -2.78858811e-01 -1.04443157e+00 -7.74237812e-01
  5.54552078e-01  5.99006414e-01 -6.79837093e-02 -4.51436579e-01
  5.43095469e-01 -3.41693163e-01 -3.90281200e-01  1.26939178e+00
  7.23300219e-01  1.07303727e+00 -1.05820549e+00 -6.65435800e-03
  5.07102966e-01 -9.73140121e-01 -2.85488039e-01 -8.61971676e-01
 -5.75618386e-01  1.93221283e+00 -7.91625619e-01 -5.48855722e-01
 -1.35743701e+00 -1.07207799e+00  5.19774854e-01 -2.96003282e-01
 -1.72523379e-01 -3.42463434e-01  1.06767321e+00 -6.32700175e-02
 -3.16120178e-01  7.95376182e-01  7.85115540e-01 -2.39856243e-01
 -1.38721526e+00  5.34577549e-01 -1.11435521e+00  2.91268826e-02
 -1.05819583e+00 -1.22109914e+00  5.62577471e-02  5.00772238e-01
 -5.79746604e-01 -1.05489564e+00 -8.98219287e-01 -6.32229269e-01
 -4.99000549e-01  1.24024317e-01 -1.40794110e+00 -1.49567440e-01
  7.05173612e-01 -2.12192535e-03  5.89895666e-01 -9.66955662e-01
  1.32215440e+00  2.23736852e-01 -2.78729796e-01  7.96178818e-01
 -3.59301746e-01  2.86025226e-01 -2.80111641e-01 -1.77760929e-01
  5.35210848e-01 -3.74036729e-01  5.23142159e-01 -4.96610165e-01
  4.06610101e-01  1.07628810e+00 -1.18761204e-01  1.12894416e+00
 -1.28388315e-01 -1.01543689e+00  1.02656138e+00 -1.97625756e-01
 -6.54728413e-01 -9.83306587e-01 -2.66412199e-02  5.03866315e-01
  3.45748127e-01  7.80060768e-01  5.20845175e-01 -3.16161066e-01
 -6.59408346e-02 -6.61610007e-01 -3.74836922e-01  6.75926059e-02
 -1.02811801e+00 -8.59349370e-01 -1.18572927e+00 -3.31073105e-01
  3.21457595e-01 -2.57086486e-01  1.37142396e+00 -1.97308376e-01
  4.86682475e-01 -8.04664791e-01  1.02361226e+00 -8.92792195e-02
  5.07948279e-01 -5.08743644e-01 -1.41064906e+00  7.78432786e-02
 -6.22999728e-01  2.37616822e-01 -2.15199620e-01  1.07890725e-01
 -1.48726583e+00  1.22857690e-02  9.03579533e-01 -6.83785319e-01
 -5.00329673e-01 -5.15425324e-01 -1.83646649e-01 -7.11130559e-01
 -1.17534518e-01 -1.14720988e+00  1.05353081e+00  3.99422657e-04
 -4.97641951e-01 -2.87915885e-01  1.11711798e-02 -8.46870065e-01
 -8.28871369e-01  1.43133134e-01 -1.75360963e-01 -7.92877078e-01
 -2.55494744e-01 -1.14213049e+00 -2.01997563e-01 -5.62251322e-02
  6.45611346e-01 -7.02466294e-02 -1.84817915e-03 -3.63049060e-01
  3.12956482e-01  3.53319459e-02 -5.42810917e-01 -1.08776402e+00
 -2.28967220e-01 -5.25789142e-01 -4.67019886e-01  7.11131454e-01
 -2.25108340e-01 -5.42383313e-01 -6.22158527e-01  8.89678359e-01
  1.83034921e+00  1.21333385e+00 -1.13601077e+00 -8.52513611e-01
  3.69911306e-02 -6.99064136e-03 -1.35530984e+00  1.02136052e+00
  8.20964128e-02  4.75490510e-01  2.27154449e-01 -1.07576154e-01
 -3.45515162e-01 -2.89821386e-01  5.65061793e-02  4.18406397e-01
  1.78782791e-01 -9.52724755e-01  1.34623811e-01 -7.27688223e-02
 -9.65528190e-01  4.36666191e-01  1.13098228e+00  6.84761852e-02
  8.87696862e-01  1.26808643e-01 -3.96806389e-01 -5.43484576e-02
  1.12143302e+00 -7.02107668e-01 -5.02558827e-01 -2.63394177e-01
  8.83489311e-01  3.41612212e-02 -4.78023112e-01 -3.27169836e-01
 -2.13934273e-01  6.86160445e-01 -5.37373722e-01 -2.76531786e-01
 -6.43526673e-01 -2.19845816e-01  2.47004077e-01 -5.05452752e-02
  4.42127377e-01  7.46475011e-02  1.39866233e-01  1.82587743e-01
 -3.72804463e-01  1.77094698e-01 -5.31361222e-01 -7.74141014e-01
  3.62591654e-01 -1.42975974e+00  8.93983245e-02 -1.21080363e+00
 -4.74553287e-01  8.69352698e-01 -5.52624702e-01  3.59072030e-01
 -1.69309862e-02 -4.55030143e-01 -2.91792572e-01 -1.63495094e-01
 -1.37919471e-01  3.55505377e-01 -3.63800496e-01 -7.13871777e-01
 -8.96422505e-01  4.66062009e-01  6.81293607e-01  1.50424266e+00
  6.15087152e-01 -1.09929934e-01  2.15908527e-01  3.94166648e-01
  1.02400637e+00 -6.66129142e-02  2.86413610e-01 -9.55352008e-01
  8.14957321e-01 -1.17275620e+00  4.61871535e-01 -8.37475657e-01
 -3.41546297e-01  1.47251391e+00 -6.51680678e-02 -1.37312368e-01
  1.78926319e-01 -5.81560016e-01  1.24398544e-02  2.68012993e-02
 -6.94563746e-01 -6.36065483e-01 -6.22694731e-01  1.36991382e+00
  4.02779520e-01 -3.02255005e-01 -2.13268071e-01  3.40179503e-01
  9.69289422e-01 -8.80282894e-02 -1.20019376e+00 -6.98157430e-01
  3.00432980e-01  3.63967508e-01 -5.62540829e-01 -4.44157347e-02
 -1.04936719e+00  6.11045957e-01 -1.02744795e-01 -1.49113250e+00
 -5.81671834e-01 -1.19398558e+00  1.09080887e+00 -8.17072019e-02
  3.91771257e-01  3.56536150e-01 -7.17590144e-03 -3.02153975e-01
 -2.18454316e-01 -1.77697852e-01 -4.63518471e-01  8.38808656e-01
 -1.57752287e+00  1.74695596e-01  4.36870158e-01  2.43546218e-01
  1.09138831e-01  1.28539407e+00  1.04253554e+00  3.85304868e-01
  3.35276067e-01 -2.77074963e-01  2.18386739e-01  4.35187444e-02
 -3.71249378e-01  1.29503334e+00 -1.40824290e-02  2.46695369e-01
 -1.14147210e+00  2.64587644e-02  9.37626839e-01  2.15328280e-02
 -2.07674354e-01  8.63423347e-02 -4.72080231e-01 -2.96955407e-02
  5.67068085e-02 -1.94404453e-01 -3.95687610e-01 -2.59282857e-01
 -1.27775800e+00 -4.59799379e-01 -3.30992192e-01 -1.51622272e+00
 -9.66449261e-01 -1.25773978e+00 -5.68162143e-01 -1.57874733e-01
 -1.00669360e+00  4.51117903e-01 -1.28040016e+00 -1.11456776e+00
  1.52385145e-01  7.80428231e-01 -1.47282445e+00 -9.02882218e-01
  7.14166611e-02 -7.47189164e-01 -7.32524753e-01 -5.90710118e-02
  3.72348309e-01 -3.99865925e-01 -1.82728255e+00 -9.76197422e-01
 -8.70784402e-01 -1.00835633e+00 -2.84767538e-01 -1.28922388e-01
 -2.75560796e-01 -5.45738101e-01 -6.21537149e-01 -1.72095048e+00
 -5.97941041e-01  3.65244567e-01 -2.98453987e-01 -1.17763197e+00
 -7.10344291e-04 -8.60692382e-01  6.24511316e-02 -6.93645477e-01
 -9.79079127e-01  6.07337296e-01 -3.09765100e-01 -3.94963145e-01
 -1.10027480e+00  6.19679570e-01  1.02529749e-01  4.23892111e-01]",False,/projects/synsight/data/openphenom/norm_2_compounds_embeddings/JCP2022_046511.pt,"InChI=1S/C14H8N2O/c17-14-9-5-2-1-4-8(9)13-12-10(14)6-3-7-11(12)15-16-13/h1-7,17H"
153,JCP2022_064418,OKRNDQLCMXUCGG-UHFFFAOYSA-N,"InChI=1S/C15H10O4/c16-10-6-4-9(5-7-10)14-8-12(18)15-11(17)2-1-3-13(15)19-14/h1-8,16-17H",hit,"InChI=1S/C15H10O4/c16-10-6-4-9(5-7-10)14-8-12(18)15-11(17)2-1-3-13(15)19-14/h1-8,16-17H","[-3.53662789e-01  1.82742685e-01 -8.34452748e-01  9.03547853e-02
  5.03252923e-01  7.33206123e-02  3.44130658e-02  5.72579384e-01
 -6.65627122e-01 -4.26311642e-01 -6.23003304e-01  1.35231912e-01
  3.44643623e-01 -3.64110947e-01 -4.11824852e-01  5.50929189e-01
 -4.91274863e-01 -3.93052178e-04 -3.44160080e-01 -1.84177265e-01
 -1.48956373e-01 -1.05841406e-01 -9.49362576e-01  6.71860576e-01
 -3.05750631e-02  2.80430049e-01  5.52310646e-02 -2.78563499e-02
  2.07941070e-01 -4.94354337e-01  2.44994402e-01 -4.02501784e-02
 -8.79250109e-01 -2.19478816e-01  1.80496439e-01  5.20530760e-01
 -5.40560365e-01 -3.14028054e-01 -2.37215802e-01 -9.92427394e-02
  7.45217204e-01  7.80199587e-01 -8.87391627e-01 -9.58272457e-01
  1.08964793e-01  2.66234249e-01  2.89799064e-01  1.85034111e-01
  6.30428016e-01  3.87209892e-01  1.28027156e-01  1.33806360e+00
 -2.27158502e-01  6.80105835e-02 -1.11045323e-01 -6.28356516e-01
 -5.98757491e-02  8.18115652e-01 -7.87610710e-01  7.55694360e-02
  3.14979218e-02 -2.26236477e-01 -8.98502320e-02  1.70061558e-01
  1.41961098e-01  4.99078691e-01 -2.63638705e-01  2.08156705e-02
  7.44036615e-01  3.32736641e-01  3.63787860e-01 -5.82442105e-01
 -7.19168663e-01  1.04664035e-01 -6.19157791e-01 -6.61202908e-01
 -5.20950370e-02 -8.72155190e-01 -5.76281846e-01 -7.11593330e-01
 -5.22698998e-01 -3.01144600e-01 -1.80086613e-01 -5.93794048e-01
  3.07588242e-02 -1.83608398e-01 -8.84314775e-02 -3.33479255e-01
  8.43957007e-01 -3.12136412e-01  1.95321873e-01 -4.03144598e-01
 -5.23973294e-02  9.10402000e-01 -1.62269875e-01 -1.64723888e-01
 -5.07321358e-01  1.60991877e-01 -4.56725881e-02  5.62285960e-01
 -8.96190941e-01 -4.22015876e-01 -6.92007363e-01  4.76298094e-01
 -7.95346856e-01  6.42883837e-01 -4.90783751e-01  3.45612377e-01
 -3.75399917e-01  1.03299007e-01  2.78692871e-01  6.81025982e-02
 -2.98741847e-01  3.92187625e-01 -1.30141824e-01  9.63306427e-01
  3.61062288e-01  1.17657149e+00  4.60730493e-01 -1.22632667e-01
  6.89617455e-01  1.47023842e-01 -2.75616944e-01 -7.45288670e-01
  2.78715938e-01 -9.24588323e-01  3.83317381e-01 -1.45754352e-01
  1.73642233e-01 -2.74803191e-01  1.29035676e+00  3.84569094e-02
 -1.68028563e-01  9.23477858e-02 -3.59553605e-01 -1.65332392e-01
  1.03667326e-01 -1.59513280e-01 -1.98825210e-01  2.45235756e-01
  2.51657873e-01 -4.04611975e-01 -4.24349546e-01  8.23468417e-02
 -3.68200988e-01  5.93718469e-01 -2.40831763e-01 -4.53228652e-01
  1.16965497e+00 -7.35241845e-02  1.94245771e-01 -2.51207411e-01
  1.15101859e-01 -4.81464833e-01 -1.51081711e-01  2.11484432e-02
  5.07272065e-01  3.78869265e-01  2.75396973e-01 -1.01893210e+00
  7.12574497e-02 -2.10307881e-01 -2.94353753e-01 -3.60464424e-01
  4.75676917e-02  4.32932265e-02 -3.57672751e-01 -1.74066469e-01
 -5.73391140e-01 -5.95990658e-01  2.93855250e-01  3.49773794e-01
  7.68165112e-01 -5.30562937e-01 -7.28239536e-01 -7.52263367e-01
  3.60726565e-03 -6.27221525e-01 -5.99687576e-01  1.79715827e-01
 -4.91387457e-01 -4.08453830e-02 -1.97252065e-01  2.00158909e-01
  7.08641112e-01  4.25243437e-01  3.99499714e-01 -3.34199965e-01
 -1.67324170e-01 -6.15638793e-01  6.60476029e-01 -2.23423153e-01
  2.31648654e-01  2.36135677e-01 -4.30870861e-01 -7.00260997e-01
  6.09446526e-01 -5.39493263e-01 -7.30807409e-02 -1.07296729e+00
  8.20656776e-01 -3.24880064e-01 -6.26828492e-01  1.86835498e-01
 -1.73800617e-01  3.79111260e-01 -3.43812257e-01  4.35220487e-02
 -6.45198002e-02 -1.67909399e-01 -4.92007554e-01 -5.20621181e-01
  7.80447274e-02 -2.72109479e-01 -1.12434697e+00 -7.63540566e-01
  3.48572880e-01  1.08658671e+00 -7.61684328e-02 -6.92055523e-01
 -4.62369859e-01 -5.21653473e-01 -7.28782952e-01 -9.32336450e-01
 -1.37386978e+00 -7.10010350e-01  7.25159228e-01 -5.37299275e-01
 -8.91908556e-02  2.11853117e-01 -6.53823972e-01  3.16186458e-01
  1.17222957e-01  1.58177853e-01 -8.05908620e-01 -3.43115330e-01
  1.60656229e-01 -1.83309287e-01  5.37335277e-01  2.27921292e-01
  3.09541196e-01  1.58863664e-02  2.11524203e-01  7.92302191e-01
  4.07092094e-01 -5.14889836e-01  7.43825585e-02  9.75056529e-01
  4.49381262e-01 -2.07060724e-01  3.40684593e-01  2.99948126e-01
  8.20288286e-02 -8.35808218e-01 -4.97409282e-03  5.39594531e-01
  5.41214272e-02 -4.50742453e-01 -7.82400310e-01 -2.60044038e-01
  5.63151658e-01 -4.45326358e-01 -2.20198765e-01 -1.16716519e-01
  1.16370216e-01 -1.13582444e+00  8.27830851e-01 -2.06903055e-01
 -6.89458966e-01  3.24827969e-01 -1.00235736e+00 -6.38919532e-01
 -2.89391339e-01  1.15175021e+00 -8.05076480e-01 -1.12181343e-01
 -2.02646464e-01 -2.13054851e-01  1.06412247e-01  3.97148937e-01
 -5.37838578e-01 -1.15579307e+00 -5.42183995e-01  8.90856445e-01
  4.01569515e-01  6.28052115e-01 -2.70763934e-01  6.77062035e-01
  3.89095098e-01 -9.34826434e-01  7.39474416e-01 -2.83350706e-01
 -5.39117754e-01  1.89635649e-01 -4.14555877e-01 -6.66062832e-01
 -1.05419412e-01  2.54426777e-01  9.38834190e-01 -5.37764370e-01
 -4.41697687e-01 -4.47577685e-01 -9.29617763e-01  8.42969954e-01
 -6.13502860e-02 -2.31172487e-01 -1.19299076e-01  7.30644584e-01
 -3.11482638e-01 -4.15055960e-01 -8.45768452e-01 -4.91887070e-02
 -2.04493981e-02 -1.12945028e-01  3.58402617e-02  6.48541033e-01
 -3.66021931e-01 -3.42893392e-01  7.00204492e-01 -1.72672078e-01
  2.86813825e-01  1.09861707e-02  4.79265481e-01 -3.87815624e-01
 -8.13228965e-01  1.21851936e-01  2.13336587e-01 -5.19583285e-01
 -4.82941478e-01  6.30874634e-01  4.49506551e-01  5.02605028e-02
  5.68939567e-01 -1.40221310e+00 -3.91131431e-01  2.70138830e-01
 -1.16724336e+00  3.07437599e-01  1.63291916e-01 -1.10535252e+00
 -9.72106278e-01  1.83714837e-01  7.15523586e-02  1.54263780e-01
 -2.66538084e-01  8.14126849e-01 -9.27811623e-01 -1.77161545e-01
 -6.38715088e-01  9.41397190e-01 -7.41188347e-01 -4.46815491e-01
 -2.20944479e-01 -2.84157842e-01 -9.67981040e-01 -6.66693807e-01
 -8.44290316e-01 -2.88675368e-01 -1.41086459e+00 -6.09415591e-01
 -4.25123006e-01  3.45697343e-01 -1.70393065e-01  6.68688178e-01
 -8.00395846e-01 -4.72670585e-01 -5.48468530e-01 -9.67532918e-02
 -2.13061608e-02 -2.39236280e-01  4.44296777e-01 -2.26402044e-01
  1.38883144e-01 -4.24157470e-01  8.23131025e-01  9.84518006e-02
 -7.10687995e-01  3.49853009e-01 -1.79024145e-01 -1.21323749e-01
 -2.04252198e-01  1.85923681e-01 -1.47944522e+00 -1.31592631e-01]",False,/projects/synsight/data/openphenom/norm_2_compounds_embeddings/JCP2022_064418.pt,"InChI=1S/C15H10O4/c16-10-6-4-9(5-7-10)14-8-12(18)15-11(17)2-1-3-13(15)19-14/h1-8,16-17H"
161,JCP2022_066662,OWVIRVJQDVCGQX-UHFFFAOYSA-N,"InChI=1S/C31H30O4/c1-29(2)34-27(30(32,23-15-7-3-8-16-23)24-17-9-4-10-18-24)28(35-29)31(33,25-19-11-5-12-20-25)26-21-13-6-14-22-26/h3-22,27-28,32-33H,1-2H3",none,"InChI=1S/C31H30O4/c1-29(2)34-27(30(32,23-15-7-3-8-16-23)24-17-9-4-10-18-24)28(35-29)31(33,25-19-11-5-12-20-25)26-21-13-6-14-22-26/h3-22,27-28,32-33H,1-2H3","[ 6.52519107e-01 -1.68389335e-01 -2.90695459e-01 -3.63922119e-01
 -1.49652362e-04  8.79759789e-01 -2.03033179e-01  7.95536458e-01
 -1.07671648e-01 -6.66230381e-01  6.74026012e-01 -2.25417346e-01
  4.99997288e-02  9.50575620e-03 -8.53399575e-01  6.41294181e-01
  1.22289836e+00  9.07319844e-01  8.65150630e-01 -2.71776885e-01
 -1.84958190e-01 -3.40115845e-01 -9.64648843e-01  5.59337735e-01
 -5.02408624e-01 -3.02447975e-01 -2.91483402e-01 -2.45841354e-01
 -4.12345678e-02 -4.73773956e-01  3.55541408e-01 -4.57979411e-01
  8.54196101e-02  7.61854127e-02 -6.48745000e-02 -2.37063602e-01
  1.71023011e-02  2.84965456e-01  4.89194661e-01  1.37179762e-01
  1.57491076e+00 -6.65603578e-02 -3.43238592e-01 -2.05648407e-01
  1.31193161e+00 -6.83965087e-01  5.41455507e-01  1.49602920e-01
  1.42638290e+00  9.25780177e-01 -8.04237962e-01  4.36403841e-01
  1.32572412e-01 -2.37280905e-01 -1.68402717e-01  6.03417456e-01
  4.25989777e-01 -7.05178380e-01  8.83390069e-01 -5.53987384e-01
  8.46755624e-01 -5.14706850e-01 -2.28858754e-01 -5.41463912e-01
  1.16616631e+00 -3.39862853e-01 -7.11406469e-02  9.74212766e-01
 -1.93861440e-01 -3.78389239e-01  5.38621843e-01 -9.16596770e-01
 -7.31255054e-01  5.22126496e-01  6.82817101e-01 -2.55547613e-01
  1.57415181e-01 -3.56924653e-01 -2.91458696e-01 -1.05099463e+00
 -3.59060764e-01  4.89856929e-01 -5.24727166e-01  5.59538662e-01
  1.79263443e-01  1.32056549e-01  8.40808600e-02  2.97598213e-01
  5.10201097e-01 -7.75665700e-01 -5.33522069e-02  9.78213489e-01
 -4.53852415e-01 -4.13742661e-01 -4.25186187e-01 -4.68069553e-01
  7.45952070e-01 -1.27532697e+00  3.22331756e-01  5.23669839e-01
  7.22901225e-01 -7.86838531e-01 -5.35321593e-01  8.39133084e-01
 -3.31309438e-03  1.76307470e-01 -9.36344028e-01  9.72825587e-02
 -1.14062071e+00  2.88455158e-01 -6.92628175e-02  2.70292759e-02
  1.91997290e-01 -2.88018286e-01  8.76296461e-01  9.50083613e-01
  5.52377403e-02  7.32041359e-01  5.33057988e-01 -6.93329573e-01
  6.20350480e-01 -2.20964506e-01  8.38881135e-02 -3.05001438e-03
  2.35992163e-01 -3.61238331e-01 -4.57968056e-01  3.39725792e-01
 -9.69015241e-01 -1.11435556e+00  1.13807988e+00  5.35000503e-01
 -9.42895770e-01 -1.10222578e+00 -7.25731969e-01  3.24206263e-01
 -5.91582209e-02  4.77539062e-01 -3.24347913e-01  6.08772278e-01
 -7.98757374e-03  3.75014544e-03 -2.79071808e-01  8.26971531e-01
 -6.28485680e-01  1.13493574e+00  5.19312561e-01  1.26507163e-01
 -7.23213702e-03  3.96439791e-01 -9.32295918e-02  4.22403514e-02
 -2.05214828e-01  9.37813878e-01 -6.29945517e-01 -1.11084080e+00
  2.35527515e-01 -3.73777449e-02 -1.00696337e+00 -1.26198363e+00
 -9.64080334e-01  4.10194755e-01  5.10052741e-01 -1.21991709e-01
  2.63317764e-01 -5.07106662e-01 -6.67693973e-01  1.03996968e+00
 -6.14593983e-01  1.35167912e-01  1.88346550e-01 -2.05734417e-01
  8.91351879e-01 -3.64598662e-01  1.72486082e-01 -6.05422616e-01
 -2.92508394e-01 -8.90476525e-01  4.44535077e-01 -2.67784983e-01
 -2.02787593e-01 -1.12983525e+00 -4.21942055e-01 -3.27481985e-01
 -1.44383669e-01 -6.42594602e-03 -4.73900467e-01  6.48532271e-01
 -2.00728402e-01  1.08199167e+00  6.70120940e-02 -6.61470175e-01
 -1.95920039e-02 -3.85910869e-02  1.96195006e-01  5.76901436e-03
 -2.17462271e-01  5.21246076e-01  8.34587812e-02 -5.34231186e-01
  2.58113712e-01  5.65931141e-01  4.19422805e-01 -1.13047838e-01
 -7.65751749e-02 -3.46400231e-01  3.38998258e-01  2.41729587e-01
 -8.87437880e-01  1.10501125e-01 -8.12468231e-01  5.98448098e-01
  4.45797026e-01 -1.09117739e-01  5.45751713e-02 -7.02908158e-01
  1.20009229e-01 -4.56479132e-01  1.24660432e-01 -3.30776572e-01
 -9.90385234e-01  7.00567961e-01 -4.60215211e-01 -6.02837145e-01
 -1.65017307e-01 -8.18768680e-01 -1.36787486e+00  5.70227921e-01
  6.08929574e-01  6.70205593e-01  6.02296412e-01 -6.17480427e-02
  9.79493737e-01 -2.85200059e-01 -1.81213453e-01  2.77316570e-03
 -6.06893122e-01 -1.44950420e-01 -6.80934548e-01  2.86500216e-01
  3.64853740e-02  1.57513440e-01 -1.57014906e-01  6.18987083e-02
 -1.36733279e-01  3.56108487e-01  4.13634688e-01 -1.67201906e-01
  4.20555711e-01 -6.86691523e-01  1.23203337e-01 -1.05048746e-01
  6.48745000e-02 -5.14652014e-01  3.65908921e-01 -5.57202287e-03
  9.61043984e-02 -1.79055393e-01 -8.02948356e-01 -5.23464143e-01
 -5.69105864e-01  2.90702134e-01 -1.35712340e-01  1.13139600e-02
 -2.42920309e-01 -3.08060139e-01 -2.05213666e-01  2.12712884e-01
 -4.90824968e-01 -5.00777304e-01  4.77260888e-01 -6.97273254e-01
  1.96085706e-01  1.87485218e-01 -8.57874334e-01  7.67350018e-01
 -2.21095547e-01  6.76883578e-01 -4.90318954e-01  3.03132564e-01
 -4.29605305e-01  1.93500705e-03 -8.31041515e-01  3.69179398e-01
  9.47262406e-01  4.11885917e-01  4.48920071e-01  4.95721638e-01
 -2.47065753e-01  2.45692074e-01 -2.04941452e-01  3.99527729e-01
 -4.46437150e-01 -1.39688522e-01  2.39984810e-01 -7.15906471e-02
  5.08443773e-01 -2.55881906e-01  4.16296065e-01 -4.77029115e-01
  3.33399296e-01 -1.15346706e+00 -7.37678707e-01 -2.30839372e-01
  4.02366892e-02 -1.64514065e-01  8.01876783e-01  2.82764435e-04
 -2.66156793e-02 -8.92356634e-01 -3.49694937e-02  1.00131094e-01
  3.92270744e-01 -5.51314615e-02  1.91332698e-02  2.34944105e-01
 -5.73940694e-01 -7.48820901e-01  6.83836699e-01 -5.98432124e-01
  2.50111341e-01  3.17854017e-01  5.34379125e-01 -1.19076118e-01
 -2.76911467e-01  5.77112362e-02  2.19792128e-04  5.24059057e-01
 -5.40172756e-01  1.11281443e+00  5.49188852e-01 -1.08522549e-01
  2.65610188e-01 -6.50030613e-01  8.76769423e-03 -5.08237302e-01
 -1.04095757e+00  1.09540117e+00 -7.85813689e-01  4.31742251e-01
 -3.74284863e-01 -6.19437814e-01 -8.17855477e-01  6.32188141e-01
 -1.44064426e+00  1.05698061e+00  5.95548332e-01  3.97034764e-01
  5.29807210e-02  3.35514426e-01  6.87961757e-01 -4.49378759e-01
  1.59306943e-01  1.35056555e-01 -1.18296981e+00  7.45724514e-02
  3.98207664e-01  1.22212493e+00 -5.25018454e-01  2.99049735e-01
  2.67537445e-01 -7.85248503e-02 -1.07325148e-02 -1.48123354e-02
  1.11676671e-01 -5.37054777e-01 -2.58656174e-01  6.18994951e-01
  7.36423373e-01 -7.05846727e-01  6.32559657e-01  1.81858346e-01
  3.43641549e-01  2.15915248e-01 -9.58535492e-01  2.22828597e-01
 -1.04249202e-01 -8.18617761e-01  1.20852143e-01  8.22601095e-03
  2.83632040e-01  1.38435930e-01 -5.24071932e-01 -9.04784575e-02]",False,/projects/synsight/data/openphenom/norm_2_compounds_embeddings/JCP2022_066662.pt,"InChI=1S/C31H30O4/c1-29(2)34-27(30(32,23-15-7-3-8-16-23)24-17-9-4-10-18-24)28(35-29)31(33,25-19-11-5-12-20-25)26-21-13-6-14-22-26/h3-22,27-28,32-33H,1-2H3"
172,JCP2022_070437,PRDQETVZSGJCKK-UHFFFAOYSA-N,"InChI=1S/C18H23N3O2/c1-12-8-9-14(10-13(12)2)19-16-11-17(22)21(18(23)20-16)15-6-4-3-5-7-15/h8-11,15,19H,3-7H2,1-2H3,(H,20,23)",none,"InChI=1S/C18H23N3O2/c1-12-8-9-14(10-13(12)2)19-16-11-17(22)21(18(23)20-16)15-6-4-3-5-7-15/h8-11,15,19H,3-7H2,1-2H3,(H,20,23)","[-0.2217073   0.23715213 -0.8055726   0.57208025  0.3593589  -0.39858833
  0.80008125  0.16263834 -0.86342126  0.10319662 -0.43603224  0.13329443
 -0.76970553 -0.01536829  0.2312895   0.33174497  0.5130254  -0.16286802
 -0.08572634  0.41069835  0.00791564  0.08286915  0.68144256 -0.04924789
 -0.13872376  0.06696049  0.73614895 -0.02123665 -0.09901565 -0.8034438
 -0.21342349  0.17159417 -0.8136469  -0.6984647  -0.2804217   0.80155945
 -0.1200732  -0.6753662  -1.0677484   0.64886504 -0.4105106  -0.4162522
  0.13758767 -0.3199739   0.5272385  -0.48515582  0.29606646 -0.03091463
  0.3433393   0.0221231  -0.03865435  0.22313485  0.50040764 -0.0251673
  0.2684307  -0.5506395   0.00915059  0.9206998   0.0190406  -0.8401353
  1.0721347  -0.9089244   0.8391873  -0.01335449  0.04866286 -0.5178698
 -0.13681749  0.2603182  -0.5443304   0.45004255  0.47424102 -0.03234725
 -0.5110017   0.42129928  0.6858967  -0.16575192 -0.26626775  0.03703962
  0.63256216  0.34749836 -0.26319498  0.09457834 -0.22880466  0.00507618
  0.62409925 -1.0074745  -1.5511944  -0.15983187 -0.2230316  -0.76666224
 -0.10285404 -0.37565756  0.16164957 -0.23704915 -0.25892502 -0.28005725
 -0.5733877  -0.17870972  0.7129564  -0.6439983   0.08729552 -0.5365718
 -0.63092005 -0.17708695 -0.7508821   0.42603916 -0.2607232  -0.16261353
  0.13726965  0.4160264  -0.00558907 -0.05101305  0.12317802 -0.17269243
  0.8667196   0.6566318   0.2525147   0.7221259  -0.04486427 -0.7828578
 -0.47963494 -0.17159931 -0.297944   -0.83828866 -0.5124256  -0.7742334
  0.3509663  -0.2934726  -0.46298307 -0.4757854   0.52222157  1.14099
 -0.57347566 -0.2555024  -0.2612123   0.3108471   0.43378505  0.44318324
  0.0984743   0.9546169   0.5578147  -0.807378    0.12477759  1.0078118
 -0.39477515  0.5829614  -0.34993297 -1.5574865  -0.84491014 -0.12624809
  0.10306351 -0.22273576 -0.30932084  0.45835152 -0.8296629  -0.11683998
  0.4280405  -0.47245926 -0.45418113  0.29947898  0.11524437 -0.9696965
 -0.38338003 -0.90189457  0.36739147 -0.17201266 -1.1513885  -0.63771284
 -0.4785685  -0.75501996  0.38640302 -0.6363939   0.18390615 -0.86376107
  0.06924925 -0.17930861 -0.00561803 -0.67374563 -0.17683539 -0.07735057
 -0.49055213 -0.24266095 -0.09943595  0.3496299   0.03328221 -0.33028203
 -0.88883954 -0.5241559   0.17090353 -0.5175271   0.63075614 -0.78615
 -0.01513261  0.11304197  0.02020154 -0.32736886 -0.91278523 -0.13812646
 -0.05811868  0.26614955  0.37698954 -0.45340538 -0.03358247 -0.69704884
  0.87830555 -0.27046818 -0.1622077   0.6618897  -0.6183934   0.664778
 -0.8798319  -0.42836285 -0.068455   -1.5605156  -0.43597823 -0.35327262
 -0.03071647 -0.5141403   0.156209   -1.1219008  -0.84787524 -0.82428056
 -0.9799703  -0.4674806  -1.1333742   0.07723136 -0.02513182  0.22562273
 -0.00984939  0.745679    0.11828406  0.19286731 -0.2731557   0.08728583
  0.00889877 -0.11771561  0.16737477  0.0258019  -0.04218749 -1.0196975
 -0.19239077  0.01923621  0.01846943  0.521126    0.05226493 -0.88651294
  0.6298813   0.03269849  0.2951253   0.18138401  0.21940129 -0.10429607
  1.1131934  -0.25226134  0.643676    0.20065188 -0.12936099 -0.38052067
  0.1122637  -0.24431184  0.19251594  0.02292848 -0.65371263 -0.32925862
 -0.3792693  -0.63571215  0.6698663  -0.7660859  -1.0176198  -0.9569167
 -0.36906922  0.46746048 -0.4814686  -0.8325226  -0.26814455 -0.5353629
 -0.04687685  0.48727304  0.457424    0.14383237 -0.00995676 -0.66979
  0.08797137  0.759373    1.0334126  -0.39480558 -0.00757166  0.7344553
  0.45056248 -0.48418117  0.11749887 -0.02185154 -0.43007317 -0.6822718
  0.55381477  0.05033951 -0.22050944  0.25479403 -0.03362508  0.03403179
  0.23039587 -0.6055279  -0.5122449   0.10883013 -1.3163447  -0.29333338
  1.0393752  -0.3437883  -0.07689774  0.11983442 -0.9004161  -0.35757315
  0.37806967  0.34105363  0.42267686  0.3108104  -0.48817077  0.2794636
  0.09137454 -0.6044704   1.041234    0.45277292 -0.4383015  -0.1575767
 -0.79432607 -0.5360297  -0.5204701   0.8814831   0.45615143  0.317572
  0.13551053  0.31827313  0.02995297 -0.41679543 -0.25622886  0.5157688
  0.03372612 -0.02577836 -0.07527695  0.03281022 -0.36868244  0.19704327
 -0.28645197  0.4556121  -0.12494779  0.8317784   0.4527952  -0.08248205
 -0.60995907 -0.05154252 -0.54062957 -0.7940141  -0.1903477   0.09997574
 -1.1277244  -0.11487796  0.0579824   1.332851   -0.619728    0.21846445
 -0.77139205  0.5764851  -0.08193339 -0.22316425 -0.57365763 -0.99604577
 -0.0040365  -0.7006377   1.1764351  -0.63337785  0.11061025  0.52712756
  0.11404093  1.0022013   0.63373256 -0.02622901  0.26336113  0.4379816
  0.39562935  1.0122437   0.14404584  0.22979423 -0.66033185  0.620343  ]",False,/projects/synsight/data/openphenom/norm_2_compounds_embeddings/JCP2022_070437.pt,"InChI=1S/C18H23N3O2/c1-12-8-9-14(10-13(12)2)19-16-11-17(22)21(18(23)20-16)15-6-4-3-5-7-15/h8-11,15,19H,3-7H2,1-2H3,(H,20,23)"
180,JCP2022_073458,QHKYPYXTTXKZST-UHFFFAOYSA-N,"InChI=1S/C20H14FN3O/c21-16-5-1-13(2-6-16)18-19(14-9-11-22-12-10-14)24-20(23-18)15-3-7-17(25)8-4-15/h1-12,25H,(H,23,24)",hit,"InChI=1S/C20H14FN3O/c21-16-5-1-13(2-6-16)18-19(14-9-11-22-12-10-14)24-20(23-18)15-3-7-17(25)8-4-15/h1-12,25H,(H,23,24)","[ 0.09831665 -0.01239692 -0.25871342 -0.13850139  0.0144018   0.017136
  0.09402404  0.06133975  0.04663716  0.20196536 -0.27112323 -0.1235482
 -0.23940836  0.0122321  -0.47530958  0.03349514  0.3355923   0.19660218
 -0.14804661 -0.21662483 -0.2697401  -0.1605456  -0.03959678  0.0125479
 -0.21019351  0.59571034 -0.23321903  0.10140007 -0.05751734 -0.4787367
  0.02166712 -0.22481519  0.31086943 -0.07052006  0.22074096  0.3707572
 -0.1577065  -0.11769313 -0.39651203  0.1925039  -0.04270655 -0.07376751
 -0.3341044  -0.297026   -0.31771937 -0.09495037  0.05166677  0.3479186
  0.20117067  0.14123116  0.15241385  0.02104999  0.16699198 -0.02507696
 -0.20907609 -0.23677666 -0.1833654  -0.1874301  -0.19849743 -0.11191118
  0.18457475 -0.35758406  0.14946136 -0.07207836  0.15270579  0.24074523
 -0.14030536  0.3158243   0.04200216 -0.17708178  0.22143558 -0.39070767
 -0.20457973  0.03954143 -0.11065897 -0.32615852  0.36842605 -0.37742937
  0.09791208 -0.27553543  0.3139045  -0.07775279 -0.14950532  0.17726478
 -0.4030219  -0.23891051 -0.07497407 -0.56479955  0.2600377  -0.35582092
 -0.46664613 -0.00752524 -0.0586036   0.24117638 -0.16897522 -0.08419604
 -0.12425785 -0.2188957   0.04449047 -0.18685661  0.0367832   0.09339742
 -0.39145064 -0.15573986 -0.08015014 -0.16705921 -0.26316857  0.11501537
 -0.12801936  0.32386404 -0.23589112 -0.07139938 -0.0947367   0.10583685
  0.15296058  0.4570812   0.11531819  0.41385853 -0.18372895 -0.323673
  0.15928553  0.33473152  0.2817606  -0.16762786  0.35655475 -0.40786883
 -0.05324369  0.07450514  0.03808898 -0.22188088  0.33155847 -0.11574229
 -0.26576936  0.04964785  0.05160509 -0.13839695 -0.03704738  0.26124942
 -0.15713316 -0.08338838 -0.17489989 -0.33032304 -0.32696918 -0.00749444
 -0.52683884 -0.24819903 -0.06081907  0.01556834  0.4541966  -0.0089698
 -0.45693597  0.04997712  0.09362242 -0.22866383  0.07112748 -0.15034096
  0.02479556  0.15952244 -0.13145176 -0.58662015 -0.03791628 -0.28968942
 -0.1426688  -0.35664195  0.0262463   0.04806211 -0.3353613  -0.3909081
 -0.4392947  -0.08541379 -0.48469046  0.07099138  0.38149378 -0.48962379
 -0.11172215 -0.21973544  0.03435194 -0.5534197   0.11964013  0.3137386
  0.03664711  0.10871018 -0.0279584  -0.41078192  0.45506448 -0.08697902
  0.13444403  0.15681696 -0.06770455 -0.23790288  0.6571427  -0.06146971
 -0.10282488 -0.03113134  0.16816394 -0.07388666 -0.3388557  -0.07350877
  0.29780453 -0.51018167  0.15472825  0.3862413  -0.01768041 -0.04814325
 -0.38610414  0.09951074 -0.39422315 -0.24576883 -0.3713586  -0.20752032
 -0.07054669 -0.10510744 -0.46390527 -0.0486373   0.06181362 -0.42352933
 -0.17173307  0.23854491  0.12451901 -0.6212636  -0.49665186 -0.05965997
 -0.3750544  -0.18196674 -0.21674594 -0.21603173 -0.13774191 -0.00114473
 -0.04895472  0.1992034  -0.5765292  -0.09726604 -0.06632328 -0.14446588
 -0.2802843  -0.09549454  0.03492937  0.39036506 -0.19988602 -0.35330954
 -0.15770431 -0.13501382  0.03775347  0.08299625 -0.05439255 -0.1688579
  0.3962295   0.3121123  -0.0250034  -0.06830195 -0.22697215  0.04623961
  0.21295369 -0.6958531   0.27689046 -0.01599905  0.01693485 -0.5400147
  0.084138    0.02354751 -0.06313194 -0.5080076  -0.4183816  -0.09144633
  0.20126677 -0.52306426  0.44379497 -0.10440632 -0.20061077  0.16293061
 -0.04810421 -0.36287674  0.22063166  0.06097502 -0.66385704  0.10788158
  0.05771415 -0.17312379  0.11589744  0.39944184 -0.6809036  -0.44280583
 -0.22346035  0.2695051   0.19589013  0.13640185  0.08583673  0.2979586
  0.04973204 -0.16483054  0.00933111 -0.1891035  -0.25524017 -0.20928529
  0.00094292  0.10665397  0.4103918   0.32894412  0.69680053  0.06348684
 -0.40081093 -0.4627697  -0.1308027   0.11642975 -0.34090918 -0.30830556
  0.10137156  0.17951354  0.35823476 -0.14391175  0.01988327 -0.42615312
 -0.05404603 -0.20826001  0.25818557 -0.24936941  0.12617299 -0.22632787
  0.27491534 -0.08017099  0.03204803  0.15741624 -0.24186295  0.0199737
  0.04756417 -0.26224503 -0.26034284  0.20489071 -0.25062978  0.6036131
  0.39163366 -0.2603347  -0.10044052 -0.21555439 -0.17340857 -0.12605338
 -0.19355209  0.11258278  0.19835818 -0.03799207 -0.00395929 -0.13665387
 -0.39880767  0.15548421 -0.19419666  0.01047088 -0.06631862 -0.09514867
 -0.4494323   0.01336644 -0.06013668 -0.2241957  -0.16106603 -0.26622352
 -0.46329916 -0.23101237 -0.45905322  0.17257977 -0.5015382  -0.49363008
 -0.00724965  0.08308554 -0.24328259  0.61000514  0.21729301 -0.02390832
 -0.5851325   0.06667358  0.24853884 -0.19360134  0.08038011 -0.23807429
 -0.10723912 -0.11383414  0.48825222  0.07313568 -0.04096145 -0.2588288
  0.26843545 -0.17087628 -0.31811103 -0.15224716  0.09438939 -0.24707651]",False,/projects/synsight/data/openphenom/norm_2_compounds_embeddings/JCP2022_073458.pt,"InChI=1S/C20H14FN3O/c21-16-5-1-13(2-6-16)18-19(14-9-11-22-12-10-14)24-20(23-18)15-3-7-17(25)8-4-15/h1-12,25H,(H,23,24)"
