Pathway,Number of Genes,Number of Impacted Genes,Number of Molecules,Mean Similarity Active,Mean Similarity non-Active,Mean Variance Active,Mean Variance non-Active,Kurtosis Active,Kurtosis Inactive,Skewness Active,Skewness Inactive,P-Value Levene Test,P-Value Kolmogorov-Smirnov Test,P-Value Kolmogorov-Smirnov Test Left,P-Value Kolmogorov-Smirnov Test Right,P-Value extreme values Test (Fisher exact) Left,P-Value extreme values Test (Fisher exact) Right,Proportion extreme values Left Active,Proportion extreme values Left Inactive,Proportion extreme values Right Active,Proportion extreme values Right Inactive
APOPTOSIS,161,24,488,0.022751562,0.002384039,0.052983794,0.011999985,2.5480164198900246,1.8332967659155859,1.1999956543626191,0.21498557383532382,0.0,0.0,0.0,0.0,0.0,0.0,0.11788922728455334,0.03205345069013803,0.14548292802375232,0.03194086817363473
ADIPOGENESIS,200,8,177,0.008515371,0.0028543612,0.0718954,0.011854346,1.157915290373868,1.6050608718536798,0.790855409824999,0.16685725054582015,0.0,2.9775853985680005e-221,0.0,3.024150577338372e-302,0.0,0.0,0.20761128100577642,0.03095739147829566,0.18603465851172274,0.03206473294658932
ALLOGRAFT_REJECTION,200,21,588,0.060185965,0.0029428694,0.07868546,0.01199598,0.8437923829480454,1.662045551042877,0.9682841885965208,0.1608867698936626,0.0,0.0,0.0,0.0,0.0,0.0,0.1316019038582207,0.03204464892978596,0.228371160527081,0.03238247649529906
ANDROGEN_RESPONSE,101,10,120,0.1379631,0.002867593,0.1093441,0.011915715,-0.3809237884106409,1.6331472986477609,0.5443015721477523,0.15758389833680542,0.0,1.246967782776076e-170,2.1233542977282044e-74,5.130363068883637e-277,8.290367819916824e-84,0.0,0.14458560193587416,0.031608081616323266,0.3660012099213551,0.03228037607521504
ANGIOGENESIS,36,4,95,0.1062689,0.002821839,0.105285354,0.011823374,-0.06049442385358006,1.7993868048267476,0.8427199446818863,0.19203274994882555,0.0,2.0072244749342212e-269,2.1107065182687225e-141,0.0,5.4353340809158185e-207,0.0,0.1379619260918253,0.03087889577915583,0.29070548712206046,0.03146781356271254
APICAL_JUNCTION,200,12,395,0.04308076,0.002623408,0.09165322,0.012119069,0.27490603457692675,1.7203400098114852,0.6253139322563472,0.18897179784884433,0.0,0.0,0.0,0.0,0.0,0.0,0.210777474471742,0.03249585917183437,0.2588818117480538,0.03312878575715143
APICAL_SURFACE,44,3,94,0.16138482,0.002656536,0.13354993,0.011705061,-0.883495268629122,1.915647717483366,0.30879615346201,0.20958049958694777,0.0,5.248660616261016e-251,7.902187980983585e-150,0.0,2.20939429859557e-159,0.0,0.1903954802259887,0.03019371874374875,0.4214689265536723,0.030651010202040408
BILE_ACID_METABOLISM,112,5,24,0.01446399,0.0028214802,0.03146781,0.01204731,-0.26326114705645676,1.8592196074694058,0.22467733994183534,0.21672773244304974,1.1448373411865019e-33,0.0005663271992569829,3.6487256254404724e-07,1.052832935523147e-06,4.691867491690233e-11,7.353019700076303e-11,0.1380952380952381,0.03189021804360872,0.1380952380952381,0.032512902580516104
CHOLESTEROL_HOMEOSTASIS,74,6,40,0.046026025,0.0030336855,0.038340025,0.01183867,0.44136905954851446,1.6515168393890844,-0.21295438002491862,0.1527064838478192,6.132874097260978e-166,8.258395232506052e-42,3.368019424571124e-21,2.2061095373665002e-48,4.0253218699883405e-31,2.207800485463889e-78,0.12564102564102564,0.030982116423284658,0.20512820512820512,0.03187765553110622
COAGULATION,138,13,144,0.00027904744,0.0025309864,0.03309262,0.011788381,4.749874521644728,1.8202212619089515,1.005021277535381,0.2026928605754937,0.0,6.2767145601700875e-37,1.640083441612234e-63,3.504613737887232e-42,1.499020895317204e-159,5.3458977636905364e-102,0.09252833680314597,0.030879455891178235,0.0784177654406662,0.030952910582116425
COMPLEMENT,200,22,486,0.028978322,0.0032865785,0.056890294,0.011925627,2.415515956771223,1.7414959849924196,1.211236111198453,0.17656525210030855,0.0,0.0,0.0,0.0,0.0,0.0,0.11118674835488995,0.03130930186037208,0.15227522647536262,0.03233982796559312
DNA_REPAIR,150,5,19,0.020721385,0.0027128905,0.016336784,0.012185024,1.0205943873070522,2.0492507575070116,-0.186029738963583,0.22961968353929435,0.02720657597311848,0.004893498525287239,0.6308740973091422,0.014284878814390596,0.0775021513133788,0.029047904745490034,0.05847953216374269,0.03250050010002,0.06432748538011696,0.03267653530706141
E2F_TARGETS,200,17,424,0.13382779,0.0031826242,0.12317076,0.011689974,-0.6211052892451883,1.5796543375763044,0.44201085807243656,0.14182044362089233,0.0,0.0,0.0,0.0,0.0,0.0,0.16261284572480017,0.03046145229045809,0.37208901155770224,0.031220724144828967
EPITHELIAL_MESENCHYMAL_TRANSITION,200,9,103,0.0203873,0.0024506678,0.06032181,0.011979643,2.2664067434518005,1.8930027683034565,1.1406049365497921,0.20657843595769007,0.0,6.037502204343667e-81,3.1136130594219366e-134,2.8467058198111418e-157,6.372465510667024e-228,1.9622795849973288e-296,0.13573196268798782,0.03177435487097419,0.15419760137064534,0.031841968393678734
ESTROGEN_RESPONSE_EARLY,200,15,398,0.071328096,0.0024091203,0.07107385,0.012371765,1.0312601268042014,2.1270635268241795,1.0093231203636033,0.2370421219503318,0.0,0.0,0.0,0.0,0.0,0.0,0.10509771764384311,0.033672334466893376,0.22897362306956404,0.033094698939787955
ESTROGEN_RESPONSE_LATE,200,15,475,0.078213386,0.002815238,0.07262553,0.012196418,0.9948452333564499,1.8907480492406634,1.0540955450713996,0.19299734964976184,0.0,0.0,0.0,0.0,0.0,0.0,0.0973474801061008,0.032885617123424686,0.2345122310639552,0.03300732146429286
FATTY_ACID_METABOLISM,158,8,47,0.010012388,0.0026656971,0.04995379,0.0120336665,3.056514028699546,1.8672275837420846,1.3280661524137263,0.21477391171015586,1.1807949561277469e-241,1.3983833723314642e-16,1.6213621226671835e-25,1.1451476317313257e-23,1.1618812628452889e-42,1.3096766326811716e-40,0.1276595744680851,0.031794358871774356,0.12580943570767808,0.03232654530906181
G2M_CHECKPOINT,200,21,530,0.13642916,0.0030002007,0.11831052,0.0118044475,-0.5230606459573357,1.6594055712708808,0.5024610617795827,0.17564020406801467,0.0,0.0,0.0,0.0,0.0,0.0,0.13979961794861798,0.030894178835767155,0.35959611711044404,0.031531506301260254
GLYCOLYSIS,200,12,420,0.10418183,0.0028071755,0.10598021,0.0120976195,-0.2207513370969192,1.8240864153327117,0.595382492470017,0.1967166552812105,0.0,0.0,0.0,0.0,0.0,0.0,0.1546777546777547,0.032526825365073016,0.3191862191862192,0.03260308061612322
HEDGEHOG_SIGNALING,36,5,29,0.0053396337,0.002914861,0.017314833,0.011933002,4.431309182168749,1.8754232781223061,0.7425391916868239,0.1976419239374876,1.38723670808918e-06,0.2154725916423711,0.013850469089034825,0.040028399107717716,0.0008333931873293896,0.0009485240715583407,0.06403940886699508,0.03142924584916983,0.06403940886699508,0.031935827165433084
HEME_METABOLISM,200,8,177,0.091303155,0.0023346476,0.10619723,0.012299356,-0.219946582546938,2.001235023024246,0.5953074839832684,0.238340050208301,0.0,3.1467278956071005e-207,7.886559297029336e-149,0.0,1.7322227961814886e-219,0.0,0.1831578947368421,0.03311990398079616,0.3126315789473684,0.033203120624124824
HYPOXIA,200,11,267,0.06314096,0.003342716,0.08149719,0.011755055,0.7819847599482035,1.524676299643959,0.9305422017770446,0.1388662137476837,0.0,0.0,0.0,0.0,0.0,0.0,0.13551665725578768,0.030741828365673133,0.23278750235271975,0.031640488097619525
IL2_STAT5_SIGNALING,199,20,484,0.012818503,0.0027380239,0.03319496,0.012134002,4.59852611526727,2.076442445666795,1.3382847510471323,0.22541890014453544,0.0,9.46970974237818e-295,0.0,0.0,0.0,0.0,0.07565020197009426,0.03228949789957992,0.09528027779746297,0.03235615123024605
IL6_JAK_STAT3_SIGNALING,87,10,148,0.04433201,0.0030909688,0.069846146,0.01195096,1.6455353917386475,1.7603147636211265,1.2178585448539416,0.1722920405243432,0.0,1.5261784015607128e-144,5.49770356030963e-174,3.609522226113e-312,5.303922705569672e-255,0.0,0.12979351032448377,0.03158967793558712,0.18754851731097655,0.03199799959991998
INFLAMMATORY_RESPONSE,200,23,434,0.01275064,0.0022183005,0.048648853,0.012179306,2.1986937066819063,2.1920713058362162,0.8537882760356861,0.26099426476769183,0.0,0.0,0.0,0.0,0.0,0.0,0.13183557183557185,0.03236839367873575,0.14266178266178267,0.03223052610522104
INTERFERON_ALPHA_RESPONSE,97,2,37,-0.0021933878,0.0028304346,0.021084495,0.0118928095,4.571776829354785,1.818850895219355,0.8851402443449592,0.18770326503693235,5.621587541009965e-14,0.024687901513950727,0.0021448281633857235,0.011626506098498489,9.319249821401688e-07,0.0025456223715780183,0.06906906906906907,0.031203200640128024,0.05405405405405406,0.0316872974594919
INTERFERON_GAMMA_RESPONSE,200,21,495,0.015767353,0.0031449168,0.037702575,0.011767914,3.894285908536536,1.679924631880442,1.2547578000224886,0.1648598128543935,0.0,0.0,0.0,0.0,0.0,0.0,0.08566936098076308,0.03042232446489298,0.10888632287546372,0.0316371274254851
KRAS_SIGNALING_DN,200,13,180,0.049203563,0.0030176982,0.08295151,0.012147337,0.8301060175566719,1.702523259833054,1.0634771290137621,0.1718636535565011,0.0,8.201416085816738e-174,2.1423117481718716e-266,0.0,0.0,0.0,0.15904995904995906,0.03273334666933387,0.21162981162981162,0.0332872174434887
KRAS_SIGNALING_UP,200,13,153,0.023676828,0.0027450335,0.060849264,0.011715144,1.9742188611919955,1.7216473800494931,1.1286029702501388,0.16700024266964156,0.0,5.975783881043291e-208,0.0,0.0,0.0,0.0,0.14700243987452075,0.030538027605521104,0.16303590101080515,0.030986837367473496
MITOTIC_SPINDLE,199,18,568,0.10849987,0.003115979,0.10958076,0.011656818,-0.20641221004148314,1.4374010825063914,0.7289779644602866,0.14893735084338564,0.0,0.0,0.0,0.0,0.0,0.0,0.13842352359772672,0.03007889577915583,0.3082777365950086,0.03131826365273055
MTORC1_SIGNALING,200,14,474,0.025567725,0.0028355455,0.045216154,0.012042092,3.4286848120082203,1.7525409306682533,1.3522371441891932,0.17287732588263371,0.0,0.0,0.0,0.0,0.0,0.0,0.08321575709690163,0.032144748949789956,0.1273491732039054,0.03253162632526505
MYC_TARGETS_V1,200,11,237,0.13420872,0.0028578315,0.12962323,0.011683085,-0.6270622444142577,1.567848348645514,0.5877916809433157,0.16735553062257913,0.0,0.0,0.0,0.0,0.0,0.0,0.15516509634156692,0.03015635127025405,0.3519225872167049,0.03128561712342468
MYC_TARGETS_V2,58,4,165,0.14319193,0.0026820486,0.13328749,0.012025903,-0.7379166867664875,1.9570663580898096,0.4236159890049661,0.2170606231469701,0.0,0.0,1.6376754669469392e-218,0.0,1.2159941262842204e-275,0.0,0.162434225577671,0.03167833566713343,0.3818348204072295,0.03233510702140428
MYOGENESIS,200,12,387,0.028408242,0.0026661516,0.07872015,0.012015255,0.6606073202950604,1.9526425897256914,0.649704164352107,0.20788153987174218,0.0,0.0,0.0,0.0,0.0,0.0,0.19883766488180749,0.031899659931986395,0.2303447825519133,0.03201696339267854
NOTCH_SIGNALING,32,2,3,0.072219014,0.0025567156,0.21001737,0.012091847,-1.500000063096661,2.047537785641551,0.7052344874861396,0.22190603874792525,1.6815565233117193e-09,0.08628158330659316,0.002155080936736216,0.001204716246800741,0.00308020861015504,0.09251149298139183,0.6666666666666666,0.03239431886377275,0.3333333333333333,0.031840128025605124
OXIDATIVE_PHOSPHORYLATION,200,5,20,-0.017343964,0.002678112,0.06002182,0.011789488,1.8191430744394816,1.7988849319051727,0.7090773305183581,0.19992649863412063,3.6743951864987505e-61,2.655355714176982e-07,9.34829032707257e-10,1.037673703498653e-06,6.518297075508383e-13,3.121062227426236e-07,0.18382352941176472,0.030535387077415484,0.1323529411764706,0.031409641928385676
P53_PATHWAY,200,19,306,0.06206103,0.0022028817,0.09188016,0.012140185,0.4986066537032512,2.0158451971635216,0.869134948857842,0.24736744327726165,0.0,0.0,0.0,0.0,0.0,0.0,0.1625,0.03231518303660732,0.2437111801242236,0.03235135027005401
PANCREAS_BETA_CELLS,40,4,44,0.18139242,0.003058676,0.14363366,0.012179514,-1.0611650869210978,1.7425088004552691,0.18620667625085147,0.18747427556253105,0.0,1.2520688243161167e-170,7.500048320062343e-88,5.398273116404598e-286,2.976127418267275e-91,0.0,0.2029598308668076,0.032574674934986995,0.4704016913319239,0.033335707141428285
PEROXISOME,104,7,53,0.08520201,0.0026440106,0.113006346,0.011802349,-0.2776227056328171,1.7346476165813218,0.6818171012355763,0.18916977060565518,0.0,4.890658295700016e-97,2.3994645526860216e-120,1.4563126074666638e-191,1.008449898493883e-144,6.573012565661328e-284,0.20827285921625543,0.03076991398279656,0.3076923076923077,0.03130122024404881
PI3K_AKT_MTOR_SIGNALING,105,18,906,0.029696964,0.0034194249,0.048535913,0.011910523,2.922622596129316,1.6719811773796263,1.3059863647259524,0.15472027867773502,0.0,0.0,0.0,0.0,0.0,0.0,0.09109360866591656,0.03127753550710142,0.1430641045440172,0.03237127425485097
PROTEIN_SECRETION,96,1,118,0.18529773,0.00265523,0.13848945,0.011920853,-0.9391254868092789,1.6322155100711164,0.23419411851704028,0.17946052407114538,0.0,0.0,0.0,0.0,0.0,0.0,0.16268289149645082,0.03161760352070414,0.45429523395625093,0.03184908981796359
REACTIVE_OXYGEN_SPECIES_PATHWAY,49,4,69,0.11637679,0.0025275194,0.1452368,0.012209673,-0.7767398261224066,1.7429204343438451,0.3983396290108695,0.19059460926340221,0.0,2.595176050169175e-88,1.360133586808245e-73,1.5604017724798402e-176,6.687531220851135e-95,8.623771170814038e-224,0.23751686909581646,0.03289537907581516,0.39271255060728744,0.033185837167433486
SPERMATOGENESIS,135,11,342,0.17687027,0.0027800451,0.12663071,0.012047631,-0.8838107031415401,1.8637077656127445,0.357435494150143,0.19930353734990905,0.0,0.0,0.0,0.0,0.0,0.0,0.14896832316187156,0.03183628725745149,0.42481836675385065,0.032397999599919985
TGF_BETA_SIGNALING,54,10,235,0.120917685,0.0031014471,0.11505133,0.01183045,-0.24750758358688962,1.6579525171346328,0.7688742487868394,0.1739911288504401,0.0,0.0,4.988904171049822e-296,0.0,0.0,0.0,0.1322277501381979,0.030897139427885578,0.32084024322830296,0.03199375875175035
TNFA_SIGNALING_VIA_NFKB,200,16,248,0.012352016,0.0029648708,0.046126354,0.011673438,2.70011641371204,1.4844209979071348,1.1352302722393997,0.14278331293880608,0.0,1.0399810449384246e-299,0.0,0.0,0.0,0.0,0.12105655741301391,0.03045393078615723,0.13049010574349523,0.031329545909181834
UNFOLDED_PROTEIN_RESPONSE,113,4,92,0.072134726,0.002734831,0.0629393,0.012041666,1.4956606110575956,1.7576040365693393,1.054678953952426,0.18885996291082455,0.0,4.686665286447028e-146,2.544115663671355e-52,3.337056640333338e-240,2.1006467769137964e-86,0.0,0.09866220735785954,0.03221764352870574,0.21739130434782608,0.032473534706941386
UV_RESPONSE_DN,144,17,323,0.018113505,0.002603445,0.069590494,0.012071015,1.1827988500033078,1.8670501954962075,0.8441087976261189,0.19929405014470541,0.0,0.0,0.0,0.0,0.0,0.0,0.1875198374912715,0.03217859571914383,0.18980511648574874,0.03242176435287057
UV_RESPONSE_UP,158,16,654,0.019498399,0.0024684335,0.054875378,0.012044707,1.834878687966203,1.9826540945872297,0.8198904702698987,0.22981992123845774,0.0,0.0,0.0,0.0,0.0,0.0,0.13956880707179742,0.0319875175035007,0.16428897900438583,0.032007761552310464
WNT_BETA_CATENIN_SIGNALING,42,6,95,0.09509085,0.0028594206,0.091605745,0.011935667,0.8982927571200654,1.6181013113281555,1.1513076660421029,0.16894164223999902,0.0,2.855419218382064e-99,6.133675830400738e-20,4.219177936839711e-201,1.3484468665891852e-27,0.0,0.07857769973661106,0.031528305661132225,0.252414398595259,0.03220588117623525
WNT_BETA_CATENIN_SIGNALING,42,6,95,0.09509085,0.0031573738,0.091605745,0.011869871,0.8982927571200654,1.834059761143532,1.1513076660421029,0.18060321929547546,0.0,1.4050631347741444e-99,1.6496795915684523e-20,6.505595982200009e-202,1.5869509438353865e-28,0.0,0.07857769973661106,0.03093242648529706,0.252414398595259,0.031875575115023
XENOBIOTIC_METABOLISM,200,11,91,0.047298737,0.0028355492,0.07854828,0.011963979,0.9213351436957073,1.8312173370625313,0.9226091978521167,0.1914986857411808,0.0,3.2528074578066047e-122,2.530313210297847e-143,2.029646799341882e-251,1.5831098377818295e-219,0.0,0.1496947496947497,0.031624164832966595,0.21196581196581196,0.031855571114222846
