UMAP1,UMAP2,Metadata_Source,Metadata_JCP2022
-17.148382,4.857422,source_2,JCP2022_025848
-11.592671,4.0168734,source_6,JCP2022_012818
9.749815,3.696286,source_11,JCP2022_064022
-22.062172,9.974423,source_5,JCP2022_012818
-14.435203,-0.3315166,source_6,JCP2022_035095
-24.928009,10.834855,source_8,JCP2022_037716
-26.709196,9.254413,source_10,JCP2022_037716
-24.737251,10.490941,source_8,JCP2022_046054
-26.394787,11.310683,source_8,JCP2022_064022
-26.95008,9.4716,source_10,JCP2022_037716
-17.534245,4.7255707,source_2,JCP2022_025848
-25.0228,10.828397,source_8,JCP2022_037716
4.1009207,4.0804963,source_3,JCP2022_064022
-26.530592,9.134114,source_10,JCP2022_037716
-24.75331,10.5817175,source_8,JCP2022_046054
10.229565,4.6104264,source_11,JCP2022_050797
-19.311848,3.7303386,source_2,JCP2022_085227
-14.8151455,0.2692876,source_6,JCP2022_012818
-15.686718,0.024547093,source_6,JCP2022_046054
-17.389656,4.36598,source_10,JCP2022_085227
9.601349,3.7259276,source_11,JCP2022_064022
-20.57515,10.42831,source_5,JCP2022_037716
-25.744781,8.468949,source_10,JCP2022_046054
11.178364,5.173246,source_11,JCP2022_035095
-17.523067,3.947718,source_2,JCP2022_085227
-26.089088,8.88256,source_10,JCP2022_050797
-25.08656,10.865959,source_8,JCP2022_037716
-26.635036,9.145122,source_10,JCP2022_037716
-26.040173,8.668088,source_10,JCP2022_046054
-11.3740225,4.0252924,source_6,JCP2022_025848
1.0444208,1.9035553,source_3,JCP2022_085227
2.2494683,2.4574606,source_3,JCP2022_050797
-14.869012,0.34600958,source_6,JCP2022_050797
11.203756,5.180816,source_11,JCP2022_035095
-20.571129,10.426238,source_5,JCP2022_037716
-21.41683,9.722173,source_5,JCP2022_050797
2.4030209,2.1899662,source_3,JCP2022_050797
-22.358017,10.109953,source_5,JCP2022_064022
10.728231,4.379574,source_11,JCP2022_025848
-16.340584,-0.053499527,source_6,JCP2022_037716
-26.166212,8.8308525,source_10,JCP2022_046054
10.438421,4.3452277,source_11,JCP2022_025848
2.9515,2.7052927,source_3,JCP2022_064022
10.061118,3.5788703,source_11,JCP2022_085227
-16.06265,-0.05582866,source_6,JCP2022_025848
-26.255007,9.488119,source_10,JCP2022_064022
9.70281,3.8330152,source_11,JCP2022_064022
-25.907324,8.5474825,source_10,JCP2022_050797
-11.534994,4.055275,source_6,JCP2022_050797
10.268343,4.493981,source_11,JCP2022_012818
-16.056057,-0.056269653,source_6,JCP2022_064022
10.330051,3.4796758,source_11,JCP2022_037716
-22.084059,10.018338,source_5,JCP2022_064022
-27.633003,10.205659,source_8,JCP2022_012818
1.3880534,2.1176078,source_3,JCP2022_025848
-16.993439,4.7513065,source_2,JCP2022_050797
10.811444,3.7777991,source_11,JCP2022_046054
-18.381845,3.704112,source_2,JCP2022_037716
-19.389713,3.8848047,source_2,JCP2022_012818
11.0930195,5.0711102,source_11,JCP2022_035095
-24.610064,9.848873,source_8,JCP2022_035095
1.7228819,2.1840398,source_3,JCP2022_037716
4.3929186,4.0597744,source_3,JCP2022_050797
-27.068684,9.498547,source_10,JCP2022_012818
-22.155392,10.083566,source_5,JCP2022_085227
-20.54661,10.45014,source_5,JCP2022_037716
11.134738,5.1247807,source_11,JCP2022_035095
-23.435978,9.318039,source_8,JCP2022_050797
-15.770103,-0.006727778,source_6,JCP2022_046054
-17.259283,4.794395,source_2,JCP2022_085227
3.9432197,4.055889,source_3,JCP2022_085227
-25.429508,10.577372,source_8,JCP2022_085227
-17.17136,4.784906,source_2,JCP2022_085227
4.5985117,3.8659775,source_3,JCP2022_046054
-22.814394,9.968948,source_5,JCP2022_035095
-25.350613,10.821902,source_8,JCP2022_064022
-26.451963,9.041857,source_8,JCP2022_046054
11.35454,4.129286,source_11,JCP2022_012818
1.4536623,2.1086612,source_3,JCP2022_025848
-21.028212,9.7072,source_5,JCP2022_046054
-25.309568,10.852919,source_8,JCP2022_037716
1.4313235,2.075744,source_2,JCP2022_037716
3.094128,2.9999459,source_3,JCP2022_037716
-26.175009,11.401455,source_8,JCP2022_046054
-20.013521,8.78702,source_5,JCP2022_025848
-18.06077,3.9004555,source_2,JCP2022_046054
-19.535252,3.6562414,source_10,JCP2022_012818
-26.589975,9.644831,source_10,JCP2022_064022
10.312997,3.5479271,source_11,JCP2022_037716
-11.655075,4.1309934,source_6,JCP2022_025848
-26.283728,8.841991,source_10,JCP2022_046054
-21.111238,9.672205,source_5,JCP2022_012818
-26.181547,8.986804,source_10,JCP2022_064022
2.874561,2.6514757,source_3,JCP2022_035095
11.132947,5.078321,source_11,JCP2022_035095
-20.332613,9.085713,source_5,JCP2022_046054
-25.893858,11.369334,source_8,JCP2022_085227
-22.919802,9.719884,source_5,JCP2022_035095
4.606021,3.9104574,source_3,JCP2022_037716
-19.195726,4.011594,source_2,JCP2022_064022
-19.29202,3.9627328,source_2,JCP2022_064022
-21.690714,10.06424,source_5,JCP2022_012818
1.4231844,2.1355963,source_3,JCP2022_050797
-20.633238,10.268126,source_5,JCP2022_037716
-14.983517,0.22995219,source_6,JCP2022_085227
9.720008,3.595065,source_11,JCP2022_064022
-21.502712,9.981257,source_5,JCP2022_046054
11.12323,3.7922034,source_11,JCP2022_085227
10.289744,3.886917,source_11,JCP2022_064022
-24.20271,9.747161,source_8,JCP2022_035095
2.0001593,2.4374456,source_3,JCP2022_064022
-14.770663,0.6516085,source_6,JCP2022_085227
3.9891658,4.0521536,source_3,JCP2022_046054
-16.294682,-0.15505248,source_6,JCP2022_037716
-25.503412,8.147046,source_10,JCP2022_025848
-15.951194,-0.058052342,source_6,JCP2022_012818
1.2287459,1.9681052,source_3,JCP2022_050797
3.9753711,4.108391,source_3,JCP2022_037716
-11.398274,3.9310763,source_6,JCP2022_085227
-18.479925,4.5737495,source_2,JCP2022_035095
10.149498,4.470378,source_11,JCP2022_012818
-25.11379,7.7364154,source_10,JCP2022_050797
-25.437233,8.118387,source_10,JCP2022_025848
2.7074046,2.4563868,source_3,JCP2022_050797
-19.995068,8.814176,source_5,JCP2022_085227
-17.242102,4.2457457,source_2,JCP2022_046054
-27.650131,10.187806,source_8,JCP2022_012818
-22.403208,9.984884,source_5,JCP2022_064022
-19.555317,3.8017678,source_2,JCP2022_012818
2.7520385,2.5876102,source_3,JCP2022_025848
-11.717573,3.763496,source_6,JCP2022_012818
10.730388,4.297487,source_11,JCP2022_046054
-21.458086,9.644748,source_5,JCP2022_064022
-18.46393,4.402737,source_2,JCP2022_035095
1.816717,2.357519,source_3,JCP2022_085227
-26.56397,9.271472,source_10,JCP2022_037716
11.121393,5.1022525,source_11,JCP2022_035095
-27.184187,9.62428,source_10,JCP2022_012818
-21.684582,10.050571,source_5,JCP2022_085227
-27.689512,10.228397,source_8,JCP2022_012818
-17.944693,4.0443068,source_2,JCP2022_046054
-11.974644,3.9835913,source_6,JCP2022_025848
-17.989086,4.6945963,source_2,JCP2022_035095
-14.808246,0.3387159,source_6,JCP2022_012818
4.0094137,4.1020846,source_3,JCP2022_085227
1.2654729,2.0268908,source_3,JCP2022_085227
-27.258457,9.72419,source_10,JCP2022_012818
-15.598764,0.015319999,source_6,JCP2022_064022
-16.160236,0.048589233,source_6,JCP2022_064022
-26.504799,9.095284,source_10,JCP2022_064022
-25.672459,11.151081,source_8,JCP2022_050797
1.2849187,1.9923935,source_3,JCP2022_050797
-18.056082,4.588416,source_2,JCP2022_025848
-17.832613,3.8924227,source_2,JCP2022_046054
-12.071692,4.0684376,source_6,JCP2022_025848
11.40541,3.7976594,source_11,JCP2022_025848
-25.306936,10.714177,source_8,JCP2022_085227
-19.701773,8.575059,source_5,JCP2022_050797
-27.346296,9.762439,source_10,JCP2022_012818
3.1833,3.1109934,source_3,JCP2022_012818
-19.513931,3.6783178,source_2,JCP2022_012818
-21.841726,9.823448,source_5,JCP2022_012818
-15.845372,0.02583282,source_6,JCP2022_064022
10.5788965,3.9654212,source_11,JCP2022_025848
4.521181,3.9425063,source_3,JCP2022_050797
-17.74204,4.581768,source_2,JCP2022_050797
1.284502,2.0181077,source_3,JCP2022_050797
-22.221388,10.163125,source_5,JCP2022_064022
-25.316977,7.925071,source_10,JCP2022_050797
4.463357,4.00399,source_3,JCP2022_012818
-21.98707,10.139551,source_5,JCP2022_046054
-17.249025,4.2406836,source_2,JCP2022_050797
-20.596897,10.45644,source_5,JCP2022_037716
-16.348309,-0.18700635,source_6,JCP2022_037716
4.2116613,4.066225,source_3,JCP2022_046054
-17.366385,4.8021364,source_2,JCP2022_085227
-18.952982,4.184254,source_2,JCP2022_064022
-24.89886,10.7287035,source_8,JCP2022_037716
-26.245556,8.879332,source_10,JCP2022_046054
-17.241062,4.4061747,source_2,JCP2022_025848
2.169313,2.585581,source_3,JCP2022_046054
-19.011255,3.7099078,source_2,JCP2022_064022
-24.190268,9.863924,source_8,JCP2022_025848
-14.882454,0.32101572,source_6,JCP2022_064022
-17.664352,4.3080463,source_2,JCP2022_025848
-18.514338,4.5585446,source_2,JCP2022_035095
2.8989553,2.7593994,source_3,JCP2022_046054
10.76574,3.8475935,source_11,JCP2022_085227
-19.358309,3.5981164,source_2,JCP2022_064022
-26.325155,9.70402,source_10,JCP2022_064022
-14.45331,-0.37656155,source_6,JCP2022_035095
-26.058895,9.334141,source_10,JCP2022_050797
-12.032781,4.002126,source_6,JCP2022_025848
11.431234,3.7776694,source_11,JCP2022_012818
10.709976,3.7858453,source_11,JCP2022_025848
-26.13987,11.497062,source_8,JCP2022_046054
-17.391151,4.41038,source_2,JCP2022_050797
-19.778267,8.540423,source_5,JCP2022_025848
2.2224588,2.5565574,source_3,JCP2022_064022
2.3261888,2.4097621,source_3,JCP2022_025848
-23.536715,9.4000435,source_8,JCP2022_050797
-17.496153,4.7357035,source_2,JCP2022_085227
-25.96858,11.492527,source_8,JCP2022_046054
-21.930233,9.884233,source_5,JCP2022_064022
-23.022058,9.698383,source_5,JCP2022_035095
-18.98366,4.136259,source_2,JCP2022_064022
-14.86108,0.35005963,source_6,JCP2022_012818
-18.51103,3.8505647,source_2,JCP2022_064022
-26.996275,9.554725,source_10,JCP2022_037716
-17.637589,4.423205,source_2,JCP2022_025848
11.4944315,3.7335122,source_11,JCP2022_050797
-26.349524,11.351428,source_8,JCP2022_035095
10.342137,4.3609247,source_11,JCP2022_046054
11.427597,3.6380923,source_11,JCP2022_085227
-25.252655,10.701301,source_8,JCP2022_050797
9.995078,3.4349391,source_11,JCP2022_037716
4.16425,4.114191,source_3,JCP2022_035095
-21.616098,10.028669,source_5,JCP2022_046054
-20.180687,8.968752,source_5,JCP2022_050797
-11.391221,3.9083378,source_6,JCP2022_050797
-26.225327,11.416503,source_8,JCP2022_085227
-25.631462,10.189038,source_8,JCP2022_035095
-27.713428,10.296349,source_8,JCP2022_012818
-25.180828,7.4702187,source_10,JCP2022_025848
-18.404547,4.627954,source_2,JCP2022_035095
1.8689334,2.3397284,source_3,JCP2022_064022
-26.833775,9.583626,source_10,JCP2022_012818
10.736626,4.799247,source_11,JCP2022_050797
-11.881307,4.0476003,source_6,JCP2022_085227
-14.871709,0.61252517,source_6,JCP2022_050797
-20.539965,10.456176,source_5,JCP2022_037716
-14.981973,0.21135847,source_6,JCP2022_025848
-21.553871,9.9932575,source_5,JCP2022_046054
11.126893,5.0853515,source_11,JCP2022_035095
-27.61474,10.2579565,source_8,JCP2022_012818
-27.69836,10.165128,source_8,JCP2022_012818
-25.039711,7.5157714,source_10,JCP2022_025848
-25.11501,7.468775,source_10,JCP2022_050797
9.866789,3.402871,source_11,JCP2022_037716
-23.187044,9.383929,source_8,JCP2022_050797
-14.970745,0.19125572,source_6,JCP2022_085227
-20.119987,8.545005,source_5,JCP2022_035095
-11.448666,3.4807012,source_6,JCP2022_046054
-11.408593,3.5776742,source_6,JCP2022_046054
11.508487,3.7073607,source_11,JCP2022_050797
-18.335321,3.7013521,source_2,JCP2022_037716
2.8456547,2.6647615,source_3,JCP2022_064022
-19.434336,3.8412673,source_2,JCP2022_012818
-18.26499,3.6092234,source_2,JCP2022_037716
10.832901,3.707741,source_11,JCP2022_050797
-15.366486,-0.01767634,source_6,JCP2022_025848
11.131592,5.036333,source_11,JCP2022_035095
-19.511341,3.6459513,source_2,JCP2022_012818
10.910268,4.018499,source_11,JCP2022_085227
-17.32249,4.7607026,source_2,JCP2022_050797
-22.469398,9.930527,source_5,JCP2022_050797
2.3745706,2.175196,source_3,JCP2022_085227
-25.423895,8.148141,source_10,JCP2022_046054
3.8127525,3.941242,source_3,JCP2022_012818
-20.248795,9.038781,source_5,JCP2022_046054
10.016753,3.6385334,source_11,JCP2022_064022
-22.90016,9.541169,source_5,JCP2022_035095
-19.386904,3.6191573,source_2,JCP2022_012818
-11.449361,3.572816,source_6,JCP2022_046054
2.1243715,2.5850418,source_3,JCP2022_037716
-26.357668,9.15674,source_10,JCP2022_064022
-25.113176,7.5096207,source_10,JCP2022_050797
-25.199099,7.650424,source_10,JCP2022_025848
4.0345798,4.118822,source_3,JCP2022_025848
-26.07076,11.233377,source_8,JCP2022_035095
-11.48635,3.4404187,source_6,JCP2022_046054
-24.734386,9.808137,source_8,JCP2022_035095
-20.891468,9.68193,source_5,JCP2022_046054
-26.071497,11.5035305,source_8,JCP2022_046054
-18.419142,4.615991,source_2,JCP2022_035095
-27.706285,10.254086,source_8,JCP2022_012818
-16.332447,-0.21712202,source_6,JCP2022_037716
-20.5549,10.48232,source_5,JCP2022_037716
-22.975632,9.53813,source_5,JCP2022_035095
2.6070993,2.4391963,source_3,JCP2022_035095
-18.373184,3.7653348,source_2,JCP2022_037716
-14.45916,-0.33909243,source_6,JCP2022_035095
-26.249088,11.302189,source_8,JCP2022_050797
-19.156073,3.857214,source_2,JCP2022_064022
-24.777462,10.643098,source_8,JCP2022_037716
2.9398224,2.7816174,source_3,JCP2022_046054
-11.266469,4.0402055,source_6,JCP2022_085227
-25.886889,11.421896,source_8,JCP2022_050797
9.683627,3.7896008,source_11,JCP2022_064022
-27.193857,9.621345,source_10,JCP2022_012818
-17.64076,4.5738587,source_2,JCP2022_025848
-18.178345,3.7218854,source_2,JCP2022_046054
-26.222982,8.837126,source_10,JCP2022_046054
-14.831096,0.33859926,source_6,JCP2022_012818
-27.591143,10.371269,source_8,JCP2022_012818
-19.315502,3.9628582,source_2,JCP2022_064022
-21.605547,9.923805,source_5,JCP2022_046054
4.503415,3.9480631,source_3,JCP2022_046054
1.4126252,2.1003137,source_3,JCP2022_035095
2.5025482,2.3115523,source_3,JCP2022_035095
-17.094702,4.723786,source_2,JCP2022_025848
-26.309282,11.291101,source_8,JCP2022_050797
10.067556,4.4249454,source_11,JCP2022_085227
-11.206069,4.1187468,source_6,JCP2022_050797
-26.165949,8.698467,source_10,JCP2022_046054
1.5292827,2.1588402,source_3,JCP2022_035095
10.677335,3.834652,source_11,JCP2022_050797
-18.1668,3.9605947,source_2,JCP2022_037716
4.140518,4.159499,source_3,JCP2022_064022
-25.604912,9.485523,source_10,JCP2022_035095
4.283153,4.100062,source_3,JCP2022_012818
2.3934085,2.189799,source_3,JCP2022_025848
4.0447693,4.146662,source_3,JCP2022_064022
-11.780609,3.887493,source_6,JCP2022_085227
-14.518289,-0.32193118,source_6,JCP2022_035095
-26.151253,11.323843,source_8,JCP2022_035095
-22.881815,9.608846,source_5,JCP2022_035095
-19.796602,8.482564,source_5,JCP2022_025848
-15.181414,0.09515113,source_6,JCP2022_064022
-21.050467,9.4803705,source_5,JCP2022_050797
-17.065487,4.653119,source_2,JCP2022_085227
-25.111763,7.5550027,source_10,JCP2022_050797
11.104725,3.737805,source_11,JCP2022_050797
-26.26656,11.346944,source_8,JCP2022_025848
-19.903063,8.638559,source_5,JCP2022_025848
-25.784979,11.465859,source_8,JCP2022_085227
-25.011806,10.511822,source_8,JCP2022_085227
-21.15411,10.531624,source_5,JCP2022_037716
-19.680714,8.516043,source_5,JCP2022_085227
11.22134,5.1876807,source_11,JCP2022_012818
9.7548,3.5622385,source_11,JCP2022_064022
-17.527859,4.0924344,source_2,JCP2022_046054
-21.927797,9.754044,source_5,JCP2022_012818
2.248835,2.762222,source_3,JCP2022_037716
10.920847,4.3456993,source_11,JCP2022_012818
11.259032,3.896641,source_11,JCP2022_012818
1.3133872,2.065111,source_3,JCP2022_046054
-15.77646,-0.034853566,source_6,JCP2022_064022
-27.658583,10.29953,source_8,JCP2022_012818
-11.76401,3.9474432,source_6,JCP2022_050797
-22.145945,10.040089,source_5,JCP2022_050797
-11.783782,3.890068,source_6,JCP2022_012818
-16.041643,0.054861285,source_6,JCP2022_064022
-20.786123,9.303516,source_5,JCP2022_085227
-21.407585,9.736025,source_5,JCP2022_064022
-26.053398,11.477208,source_8,JCP2022_037716
-17.314966,4.171107,source_2,JCP2022_025848
-15.888731,-0.046445686,source_6,JCP2022_064022
-17.187841,4.725118,source_2,JCP2022_050797
9.877196,3.526394,source_11,JCP2022_037716
-25.106709,9.436018,source_10,JCP2022_035095
2.176195,2.642492,source_3,JCP2022_037716
-24.808298,10.907273,source_8,JCP2022_037716
-20.867275,9.318962,source_5,JCP2022_050797
-24.643585,9.712555,source_8,JCP2022_035095
-17.403704,4.676851,source_2,JCP2022_050797
2.7885787,2.6836584,source_3,JCP2022_064022
-20.920809,10.479856,source_5,JCP2022_037716
-14.677552,-0.24348246,source_6,JCP2022_035095
-11.509515,3.0738137,source_6,JCP2022_046054
-11.5420065,3.8334548,source_6,JCP2022_050797
-17.921354,4.6202946,source_2,JCP2022_035095
-19.943556,8.700216,source_5,JCP2022_025848
-11.455492,3.9894578,source_6,JCP2022_012818
11.383928,3.8188393,source_11,JCP2022_012818
-19.586704,3.7028005,source_2,JCP2022_012818
-11.489245,3.050445,source_6,JCP2022_046054
-12.145306,4.1268344,source_6,JCP2022_035095
-26.643448,9.210113,source_10,JCP2022_037716
-27.638702,10.186591,source_8,JCP2022_012818
-21.213182,9.545758,source_5,JCP2022_085227
-14.468066,-0.2945144,source_6,JCP2022_035095
11.508993,3.664592,source_11,JCP2022_050797
-11.422523,3.1933138,source_6,JCP2022_046054
-18.254942,3.926584,source_2,JCP2022_037716
-14.533148,-0.30553138,source_6,JCP2022_035095
-18.65387,3.5928602,source_2,JCP2022_046054
9.853951,4.1699677,source_11,JCP2022_046054
-23.553259,9.487257,source_8,JCP2022_025848
-25.647331,9.446743,source_10,JCP2022_035095
1.1727617,2.1244366,source_3,JCP2022_046054
2.5602424,2.40417,source_3,JCP2022_046054
-16.154003,-0.22772002,source_6,JCP2022_037716
-25.155964,7.515504,source_10,JCP2022_085227
-22.039505,9.981365,source_5,JCP2022_012818
-14.512548,-0.36021206,source_6,JCP2022_035095
-24.734232,10.632,source_8,JCP2022_046054
-24.681755,10.293758,source_8,JCP2022_085227
-25.497894,10.789337,source_8,JCP2022_064022
-14.841926,0.6109697,source_6,JCP2022_050797
-21.450829,9.749024,source_5,JCP2022_025848
-17.030903,4.550933,source_10,JCP2022_085227
-17.637478,4.03957,source_2,JCP2022_046054
-23.669512,9.544485,source_8,JCP2022_025848
-25.16059,10.501484,source_8,JCP2022_085227
-24.54143,9.965056,source_8,JCP2022_025848
-22.830639,9.588535,source_5,JCP2022_035095
-25.832186,8.420247,source_10,JCP2022_025848
-26.654638,9.100537,source_10,JCP2022_037716
-25.8014,11.315122,source_8,JCP2022_025848
3.9679687,4.138689,source_3,JCP2022_050797
1.354153,2.0449612,source_3,JCP2022_025848
-21.500212,9.564383,source_5,JCP2022_085227
-22.034124,9.910119,source_5,JCP2022_064022
-18.344019,3.726748,source_2,JCP2022_037716
-25.90297,11.3552685,source_8,JCP2022_085227
-25.740469,9.524688,source_10,JCP2022_035095
4.1307573,4.1468406,source_3,JCP2022_035095
10.22757,4.511086,source_11,JCP2022_050797
-17.905327,4.453192,source_2,JCP2022_085227
-26.332138,11.303038,source_8,JCP2022_037716
11.233267,5.2077737,source_11,JCP2022_035095
-19.98436,8.779905,source_5,JCP2022_050797
1.552446,2.1214933,source_3,JCP2022_085227
-20.681702,9.074602,source_5,JCP2022_085227
-17.326532,4.1816387,source_2,JCP2022_025848
-19.670498,8.426446,source_5,JCP2022_025848
-12.174333,4.167744,source_6,JCP2022_035095
-27.60977,10.365582,source_8,JCP2022_064022
-26.498617,11.168751,source_8,JCP2022_064022
10.612927,4.775469,source_11,JCP2022_012818
-19.282032,4.0401855,source_2,JCP2022_064022
-14.838408,0.5882239,source_6,JCP2022_085227
-21.972254,10.152381,source_5,JCP2022_012818
-14.514108,-0.42835957,source_6,JCP2022_035095
1.5423107,2.1756296,source_3,JCP2022_012818
-11.496779,3.954934,source_6,JCP2022_085227
-17.0866,4.4598107,source_2,JCP2022_085227
-24.59356,10.220397,source_8,JCP2022_025848
-19.870003,8.727785,source_5,JCP2022_085227
-25.011614,8.048827,source_10,JCP2022_085227
11.3007765,3.7464914,source_11,JCP2022_012818
10.046334,4.4802766,source_11,JCP2022_025848
-19.711483,8.490491,source_5,JCP2022_012818
10.9809475,4.9488297,source_11,JCP2022_085227
3.3134468,3.2327993,source_3,JCP2022_012818
1.9099318,2.2576504,source_3,JCP2022_035095
-12.06017,4.0915008,source_6,JCP2022_025848
-25.844173,10.851046,source_8,JCP2022_064022
10.731767,4.43865,source_11,JCP2022_064022
4.054113,4.156513,source_3,JCP2022_064022
-17.755087,3.8693285,source_2,JCP2022_085227
-17.623505,4.1838245,source_2,JCP2022_046054
11.051636,4.6433067,source_11,JCP2022_085227
-25.747078,10.259429,source_8,JCP2022_035095
2.33734,2.7962506,source_3,JCP2022_037716
10.515826,4.739792,source_11,JCP2022_085227
-20.909437,9.202264,source_5,JCP2022_025848
-26.756254,9.508434,source_10,JCP2022_064022
-19.748718,8.481462,source_5,JCP2022_025848
9.59064,3.8265922,source_11,JCP2022_046054
1.4842843,2.179356,source_3,JCP2022_035095
-26.271229,8.902746,source_10,JCP2022_037716
-25.037714,10.843605,source_8,JCP2022_037716
-27.126253,9.556133,source_10,JCP2022_012818
-16.12163,0.047281392,source_6,JCP2022_064022
9.884213,4.140711,source_11,JCP2022_025848
10.38664,4.483539,source_11,JCP2022_046054
-20.08762,8.751724,source_5,JCP2022_046054
-20.418922,9.177941,source_5,JCP2022_046054
-18.628267,3.659585,source_2,JCP2022_046054
2.8529923,2.649423,source_3,JCP2022_085227
4.0055637,4.1487784,source_3,JCP2022_025848
9.80913,3.5615869,source_11,JCP2022_050797
-21.600733,9.653793,source_5,JCP2022_085227
-15.317764,0.17712162,source_6,JCP2022_012818
10.948178,4.256115,source_11,JCP2022_012818
2.7733064,2.882484,source_3,JCP2022_012818
-17.64335,4.019306,source_2,JCP2022_050797
-26.086208,11.35593,source_8,JCP2022_025848
-22.632141,10.133877,source_5,JCP2022_064022
-26.729265,9.457904,source_10,JCP2022_035095
-25.894058,9.541161,source_10,JCP2022_035095
-20.534124,10.457756,source_5,JCP2022_037716
-15.433213,0.04235231,source_6,JCP2022_050797
-15.924439,0.046748318,source_6,JCP2022_025848
-16.224144,-0.26095748,source_6,JCP2022_037716
-11.799779,3.8405857,source_6,JCP2022_012818
-25.306902,8.048471,source_10,JCP2022_050797
-25.397966,8.136769,source_10,JCP2022_085227
-21.046844,9.216616,source_5,JCP2022_050797
-20.288853,8.744812,source_5,JCP2022_025848
-27.015247,9.506658,source_10,JCP2022_064022
-23.383884,9.273565,source_8,JCP2022_085227
-18.064814,4.353133,source_2,JCP2022_050797
-17.035217,4.639738,source_2,JCP2022_025848
-26.921028,9.462261,source_10,JCP2022_064022
2.4585483,2.7664385,source_3,JCP2022_012818
2.878594,2.7341805,source_3,JCP2022_046054
-26.544828,9.525648,source_10,JCP2022_037716
-18.449917,3.860861,source_2,JCP2022_037716
-26.367046,9.485997,source_10,JCP2022_064022
2.3562107,2.1490219,source_3,JCP2022_050797
-18.616474,4.4780774,source_2,JCP2022_035095
-19.576614,3.7076206,source_2,JCP2022_012818
-25.086145,7.531738,source_10,JCP2022_025848
-22.698332,9.98636,source_5,JCP2022_035095
11.025367,4.9708767,source_11,JCP2022_035095
-22.209085,10.146952,source_5,JCP2022_064022
10.753149,4.334415,source_11,JCP2022_025848
11.439644,3.789199,source_11,JCP2022_025848
-15.022976,-0.05146662,source_6,JCP2022_085227
-18.332823,3.6743646,source_2,JCP2022_037716
-27.291035,9.688599,source_10,JCP2022_012818
-21.762384,9.51002,source_5,JCP2022_025848
-15.936089,-0.018639566,source_6,JCP2022_025848
-17.071487,4.38878,source_2,JCP2022_050797
-16.300255,-0.09273877,source_6,JCP2022_037716
-14.8389435,0.32358035,source_6,JCP2022_085227
9.913949,3.3880572,source_11,JCP2022_037716
-22.939217,9.742199,source_5,JCP2022_035095
1.2406863,1.9999632,source_3,JCP2022_025848
3.9261832,4.043686,source_3,JCP2022_037716
-25.316082,8.045973,source_10,JCP2022_025848
-17.664948,4.0321445,source_2,JCP2022_046054
-26.143473,8.821745,source_10,JCP2022_037716
-22.865284,9.696548,source_5,JCP2022_035095
-25.367502,10.780031,source_8,JCP2022_064022
-23.49987,9.374436,source_8,JCP2022_085227
-11.484539,3.068669,source_6,JCP2022_046054
-24.610916,7.9856634,source_10,JCP2022_085227
4.5958347,3.890414,source_3,JCP2022_085227
-25.493002,10.794189,source_8,JCP2022_064022
-27.656115,10.254561,source_8,JCP2022_012818
-23.441294,9.323633,source_8,JCP2022_025848
-25.821783,9.255565,source_10,JCP2022_035095
-24.609322,10.192537,source_8,JCP2022_050797
11.335207,3.7350485,source_11,JCP2022_012818
-22.02568,10.067602,source_5,JCP2022_064022
10.485287,3.6579416,source_11,JCP2022_064022
11.158896,5.082422,source_11,JCP2022_035095
4.6295924,3.8675196,source_3,JCP2022_035095
-11.223002,4.161493,source_6,JCP2022_012818
10.73703,3.8142166,source_11,JCP2022_046054
2.1786506,2.123404,source_3,JCP2022_012818
2.656356,2.4608254,source_3,JCP2022_085227
-25.950708,8.610324,source_10,JCP2022_046054
-24.963396,8.07216,source_10,JCP2022_050797
-14.827679,0.2596736,source_6,JCP2022_050797
4.580871,3.8930326,source_3,JCP2022_085227
4.486329,3.9871755,source_3,JCP2022_025848
11.174008,3.9836352,source_11,JCP2022_085227
-26.15026,11.445691,source_8,JCP2022_037716
-26.397388,11.26825,source_8,JCP2022_064022
1.4936726,2.1870494,source_3,JCP2022_025848
-24.76482,10.587714,source_8,JCP2022_046054
10.059509,3.3262172,source_11,JCP2022_037716
-25.76705,9.468661,source_10,JCP2022_035095
-19.542124,3.814428,source_2,JCP2022_012818
-27.505526,9.947389,source_10,JCP2022_012818
-11.514897,3.0911808,source_6,JCP2022_046054
-27.46292,9.888565,source_10,JCP2022_012818
-25.323006,8.159016,source_10,JCP2022_085227
1.7146784,2.2897525,source_3,JCP2022_035095
-16.243763,-0.12123424,source_6,JCP2022_037716
2.606499,2.442623,source_3,JCP2022_064022
-27.21757,9.619647,source_10,JCP2022_012818
-26.011005,8.94894,source_10,JCP2022_050797
-26.187553,9.400728,source_10,JCP2022_035095
-26.415184,9.280064,source_10,JCP2022_064022
-19.109104,4.0666227,source_2,JCP2022_064022
-24.455256,10.093866,source_8,JCP2022_050797
-25.54421,10.454839,source_8,JCP2022_035095
-26.323847,11.448686,source_8,JCP2022_037716
-19.670742,8.443097,source_5,JCP2022_025848
9.579776,3.6938727,source_11,JCP2022_046054
1.0418602,1.9403121,source_3,JCP2022_046054
-23.462667,9.400176,source_8,JCP2022_050797
-21.602423,9.664117,source_5,JCP2022_012818
10.39897,4.242836,source_11,JCP2022_046054
-25.243256,7.792882,source_10,JCP2022_025848
10.569597,4.6055818,source_11,JCP2022_025848
-11.21857,4.140752,source_6,JCP2022_050797
-20.04982,8.748037,source_5,JCP2022_050797
10.229015,4.148164,source_11,JCP2022_046054
-25.336487,7.8025675,source_10,JCP2022_025848
-26.395151,9.553871,source_10,JCP2022_037716
-21.696812,9.837637,source_5,JCP2022_085227
-11.960777,4.0082846,source_6,JCP2022_050797
-24.626675,9.734432,source_8,JCP2022_035095
4.3650937,4.0373755,source_3,JCP2022_025848
2.3010602,2.785194,source_3,JCP2022_037716
-18.37499,3.6153195,source_2,JCP2022_037716
-17.230543,4.8490787,source_2,JCP2022_085227
-21.093506,9.604509,source_5,JCP2022_012818
-24.68281,10.567239,source_8,JCP2022_046054
10.903913,5.017852,source_11,JCP2022_085227
-20.581762,10.5107565,source_5,JCP2022_037716
10.013016,3.3972998,source_11,JCP2022_037716
-25.490458,8.247161,source_10,JCP2022_025848
-25.391745,10.790297,source_8,JCP2022_064022
3.0002065,2.9834511,source_3,JCP2022_012818
-18.136868,4.680828,source_2,JCP2022_035095
-20.607641,10.471387,source_5,JCP2022_037716
-17.423826,4.2960086,source_2,JCP2022_046054
-16.009228,0.033628367,source_6,JCP2022_064022
-17.466566,4.063967,source_2,JCP2022_025848
-16.3869,-0.23861799,source_6,JCP2022_037716
-17.578861,4.647852,source_2,JCP2022_085227
9.588252,3.5881672,source_11,JCP2022_064022
-25.121147,7.654533,source_10,JCP2022_085227
9.944583,3.3124976,source_11,JCP2022_037716
-26.686975,9.009315,source_10,JCP2022_064022
9.935772,4.232885,source_11,JCP2022_050797
-18.995462,3.7886083,source_2,JCP2022_064022
10.47713,4.1957455,source_11,JCP2022_046054
-19.4703,3.5984602,source_2,JCP2022_012818
-17.09514,4.4539623,source_2,JCP2022_050797
-19.635038,3.7340155,source_2,JCP2022_012818
-20.835331,9.713878,source_5,JCP2022_046054
9.817,3.5670986,source_11,JCP2022_046054
-26.34117,8.808734,source_10,JCP2022_046054
-25.936504,9.630446,source_10,JCP2022_035095
-25.378527,9.385522,source_10,JCP2022_035095
4.4682045,3.98983,source_3,JCP2022_050797
2.0787091,2.5342848,source_3,JCP2022_064022
-23.457859,9.344266,source_8,JCP2022_050797
10.858095,4.2734303,source_11,JCP2022_085227
-16.360334,-0.21192396,source_6,JCP2022_037716
-25.076862,10.550112,source_8,JCP2022_046054
-16.301113,-0.14304176,source_6,JCP2022_037716
-26.407246,11.255921,source_8,JCP2022_035095
-16.09017,0.054176014,source_6,JCP2022_035095
11.121562,5.1903796,source_11,JCP2022_035095
-25.382095,10.757423,source_8,JCP2022_064022
-25.907711,9.171195,source_10,JCP2022_035095
-11.403802,3.992749,source_6,JCP2022_085227
-23.317879,9.294103,source_8,JCP2022_025848
-19.961472,8.797988,source_5,JCP2022_050797
-20.97521,9.596857,source_5,JCP2022_012818
-11.422647,4.134027,source_6,JCP2022_025848
3.9942515,4.1879306,source_3,JCP2022_037716
-18.387997,3.644844,source_2,JCP2022_037716
9.9263525,3.28903,source_11,JCP2022_037716
10.037612,3.3665817,source_11,JCP2022_037716
9.653185,3.6573048,source_11,JCP2022_064022
-19.619654,3.7486875,source_2,JCP2022_012818
2.0614903,2.0895019,source_3,JCP2022_085227
-26.01697,8.715152,source_10,JCP2022_046054
3.0433424,3.0256195,source_3,JCP2022_037716
-25.05206,7.857914,source_10,JCP2022_085227
2.402994,2.7874613,source_3,JCP2022_012818
10.016518,3.3717158,source_11,JCP2022_037716
-19.893316,8.683933,source_5,JCP2022_085227
-19.00319,4.1251783,source_2,JCP2022_064022
-25.484476,8.203461,source_10,JCP2022_046054
-25.041996,10.444128,source_8,JCP2022_025848
-24.328156,9.928588,source_8,JCP2022_025848
-16.354837,-0.24934332,source_6,JCP2022_037716
-21.78476,9.81316,source_5,JCP2022_064022
-24.845108,10.664445,source_8,JCP2022_046054
-18.528002,4.570798,source_2,JCP2022_035095
-19.69048,8.453912,source_5,JCP2022_050797
-11.41335,3.6780343,source_6,JCP2022_046054
-26.67527,11.095085,source_8,JCP2022_064022
4.371568,4.014726,source_3,JCP2022_035095
10.072763,4.445556,source_11,JCP2022_025848
-23.508015,9.371544,source_8,JCP2022_085227
-27.661793,10.174243,source_8,JCP2022_012818
-25.312939,7.7456636,source_10,JCP2022_050797
-17.90738,4.1925025,source_2,JCP2022_035095
-25.155617,7.5969605,source_10,JCP2022_025848
-18.954178,4.0013933,source_2,JCP2022_050797
-22.924929,9.517462,source_5,JCP2022_035095
9.861315,4.1465096,source_11,JCP2022_050797
3.8413417,4.0274096,source_3,JCP2022_012818
-16.135126,-0.06620347,source_6,JCP2022_064022
-21.890316,9.698724,source_5,JCP2022_012818
10.894817,4.8681617,source_11,JCP2022_025848
-18.312662,4.657595,source_2,JCP2022_035095
