Scaffold,n_Scaffold,ClusterCount,IntraTanimoto,IntraCosine,InterTanimoto,InterCosine,TanimotoDifference,CosineDifference,Selected_Scaffold
C(=C(c1ccccc1)c1ccccc1)c1ccccc1,8,2,0.41866681007060824,0.2635170496901785,0.4102622934778793,-0.12120142176235402,0.00840451659272895,0.38471847145253246,True
C(=Cc1ccccc1)c1ccccc1,11,2,0.2640413955890933,0.36561094871426686,0.2091301771940898,-0.07631841880776526,0.054911218395003486,0.4419293675220321,True
C(=Cc1nc2ccccc2[nH]1)c1ccccc1,7,2,0.31571819567155623,0.33282009127586343,0.23627571039161743,-0.17733315910110733,0.0794424852799388,0.5101532503769708,True
C(=NCC1CCOC1)c1ccccc1,11,2,0.47395547084394263,0.05065856266527402,0.4975578004819733,-0.00942897989853384,-0.02360232963803066,0.06008754256380786,False
C(=NCCCn1cnc2cccnc21)Nc1ccccc1,11,2,0.6895641856439623,0.05809427614032521,0.6925984495400013,-0.032766043483129524,-0.0030342638960390023,0.09086031962345473,False
C(=NCCN1CCOCC1)c1ccccc1,7,2,0.49169775391597936,0.09193935834354197,0.5094882748221162,-0.027435418142146468,-0.017790520906136864,0.11937477648568844,False
C(=NCCOc1ccc(-c2ccccc2)nn1)c1ccccc1,19,2,0.5978340934586754,0.06916970272061054,0.6051231605784967,-0.021255098110120097,-0.0072890671198212464,0.09042480083073064,False
C(=NCCc1ccccc1)c1ccccc1,23,2,0.3045057852858619,0.0369344826325618,0.3024727033989793,-0.025827660641317928,0.002033081886882615,0.06276214327387973,False
C(=NCCc1csc(-c2ccccc2)n1)c1ccccc1,9,2,0.586050679097766,0.1569512386600442,0.6153320835162355,0.061061894154143384,-0.029281404418469492,0.09588934450590082,False
C(=NCCc1nc2ccccc2[nH]1)c1ccccc1,10,2,0.3744216867704333,0.05862677792939679,0.4187707301386149,-0.01846427581514364,-0.04434904336818157,0.07709105374454042,False
C(=NCc1ccccc1)NCc1ccccc1,9,2,0.3071108456345071,0.07055948227751846,0.34934470206923296,-0.07335177357596237,-0.04223385643472588,0.14391125585348083,False
C(=NCc1ccccc1)Nc1ccccc1,30,2,0.3028333361967209,0.12350982413769471,0.28605444405199604,0.03138490971530688,0.01677889214472489,0.09212491442238782,False
C(=NCc1ccccc1)c1cccnc1,10,2,0.23329600157381788,0.05136025041324031,0.2529689361821838,-0.04869171613008185,-0.019672934608365916,0.10005196654332216,False
C(=NCc1ccccc1)c1conc1-c1ccccc1,9,2,0.5622764678227117,0.09120201279718898,0.624578287142367,-0.031443323892246765,-0.06230181931965528,0.12264533668943575,False
C(=NCc1ccccn1)C1CC2(CCNCC2)CN1,7,2,0.6951210690710871,0.06924480529756558,0.7217976624899541,0.04124917331858547,-0.02667659341886708,0.027995631978980105,False
C(=NCc1cn(Cc2ccccc2)nc1-c1ccccc1)c1ccccc1,10,2,0.6267884120798088,0.21810914012104712,0.637787690869554,-0.011239955157187141,-0.01099927878974516,0.22934909527823427,True
C(=NCc1cn[nH]c1)Nc1ccccc1,18,2,0.37012346080334896,0.055026452821160046,0.34259173148003746,-0.04128765350606457,0.027531729323311493,0.09631410632722462,False
C(=Nc1c(-c2ccccc2)n[nH]c1C1CC1)c1ccccc1,10,2,0.5834109988532707,0.08735064130203406,0.5815620189943617,-0.02048989904010023,0.0018489798589090833,0.10784054034213429,False
C(=Nc1c[nH]nc1-c1cccs1)c1ccccc1,10,2,0.6024784410042983,0.06077496107263461,0.5951403513915847,-0.0057524747258051595,0.007338089612713539,0.06652743579843977,False
C(=Nc1ccc2[nH]c(CN3CCNCC3)nc2c1)c1ccccc1,16,2,0.6091662501250374,0.42214154458082864,0.5924219689199336,-0.03799096676781812,0.01674428120510385,0.46013251134864674,True
C(=Nc1ccc2c(c1)OCCO2)c1ccccc1,9,2,0.432239077472803,0.0974109980120208,0.39880962912392104,-0.06533886596072352,0.03342944834888195,0.16274986397274432,False
C(=Nc1ccc2oc(-c3ccccc3)nc2c1)c1ccccc1,10,2,0.5378220529742935,0.33576271558662096,0.46527660592151837,0.12768818647358104,0.07254544705277516,0.20807452911303992,True
C(=Nc1ccccc1)C1C=Nc2ncccc2O1,11,2,0.638492535711545,0.052928088444586414,0.6507199174197285,-0.016079059235313,-0.012227381708183493,0.06900714767989942,False
C(=Nc1ccccc1)C1CC(c2ccccc2)=NO1,8,2,0.4695122834923189,0.07887138773821269,0.4470013998597021,-0.051058179751356035,0.022510883632616774,0.12992956748956871,False
C(=Nc1ccccc1)C1CCCCC1,12,2,0.32485686349409076,0.09813711069168025,0.30948403693253945,0.007243140917621146,0.015372826561551312,0.09089396977405911,False
C(=Nc1ccccc1)C1CCN(c2cc(-c3ccccc3)ncn2)CC1,17,2,0.6625359132258222,0.1932508180679729,0.6325489350651448,0.02261969925942759,0.029986978160677413,0.1706311188085453,False
C(=Nc1ccccc1)C1COc2ccccc2O1,10,2,0.5584234064801815,0.12092683718712521,0.540475966009418,-0.0357158939890484,0.017947440470763465,0.1566427311761736,False
C(=Nc1ccccc1)N1CCC(c2nc3ccccc3[nH]2)CC1,12,2,0.7184027172812474,0.09175151489606924,0.686643836219571,-0.0014815793136513378,0.03175888106167635,0.09323309420972058,False
C(=Nc1ccccc1)N1CCC2(CC1)CNCC2c1nnco1,11,2,0.6664292181134857,0.0865957462942541,0.6609693612543436,-0.029536511478511385,0.005459856859142076,0.11613225777276548,False
C(=Nc1ccccc1)N1CCN(c2cc(-c3ccccc3)ncn2)CC1,21,2,0.5750727818660903,0.09623697217506727,0.5536337363702396,-0.0036901859151941305,0.02143904549585074,0.0999271580902614,False
C(=Nc1ccccc1)NCc1ccnc2ccccc12,8,2,0.5174923724792113,0.08528330471612558,0.5555558900819576,-0.03188943226863876,-0.03806351760274629,0.11717273698476434,False
C(=Nc1ccccc1)Nc1ccccc1,96,2,0.3033379425401912,0.2085362585047212,0.27874307810915416,-0.02796193786353365,0.024594864431037033,0.23649819636825486,True
C(=Nc1ccccc1)Nc1cccs1,8,2,0.42506909304242974,0.2867090178001021,0.26864619736398265,-0.046434589268953844,0.15642289567844708,0.33314360706905594,True
C(=Nc1ccccc1)c1cc(-c2ccccc2)on1,34,2,0.4781986958206136,0.13706456318519297,0.4512826832134716,0.013916871663714622,0.026916012607141993,0.12314769152147835,False
C(=Nc1ccccc1)c1cc(C2CC2)nc2[nH]ncc12,18,2,0.4943260646326832,0.13994308115495188,0.47706515216119655,0.03588260745206774,0.017260912471486645,0.10406047370288414,False
C(=Nc1ccccc1)c1cc(C2CC2)nc2oncc12,26,2,0.6516657665085841,0.1596112562718585,0.6363364349191052,0.07476990149403688,0.015329331589478912,0.0848413547778216,False
C(=Nc1ccccc1)c1cc[nH]c1,9,2,0.45125341179335465,0.4557804782160032,0.37808535891246575,0.06983074231635365,0.0731680528808889,0.38594973589964954,True
C(=Nc1ccccc1)c1ccc2c(c1)OCCO2,7,2,0.3723478181022058,0.09457709107180634,0.34911379297880424,-0.011915147411337047,0.023234025123401558,0.10649223848314339,False
C(=Nc1ccccc1)c1cccc(-n2cnc3cccnc32)c1,13,2,0.6769806628008195,0.10297199391189911,0.6856339722179378,-0.024729341159021832,-0.008653309417118282,0.12770133507092093,False
C(=Nc1ccccc1)c1cccc(-n2cnnc2)n1,26,2,0.5007533587553671,0.05183694988703391,0.5007798040926422,-0.008378842866626138,-2.6445337275138314e-05,0.06021579275366005,False
C(=Nc1ccccc1)c1ccccc1,157,2,0.24947643478673162,0.2334394518485925,0.22441257536690204,-0.047467176393176054,0.02506385941982958,0.28090662824176854,True
C(=Nc1ccccc1)c1ccccc1-n1cnnn1,26,2,0.5031440013126689,0.08134499480854017,0.5294742898494736,-0.005544928160699136,-0.026330288536804747,0.08688992296923931,False
C(=Nc1ccccc1)c1cn(Cc2coc(-c3ccccc3)n2)nn1,14,2,0.6533808836064714,0.06903052582490773,0.655366866268796,-0.02229252205568262,-0.001985982662324637,0.09132304788059036,False
C(=Nc1ccccc1)c1cn2cc(-c3ccccc3)nc2s1,26,2,0.5917337475614022,0.3263560541015535,0.5657871456863653,0.01809467480346495,0.025946601875036834,0.30826137929808856,True
C(=Nc1ccccc1)c1cnn(-c2ccccc2)c1-n1cccc1,12,2,0.5344463430148357,0.19703424851396137,0.5186853861784201,0.07067503032508182,0.01576095683641565,0.12635921818887955,False
C(=Nc1ccccc1)c1coc2ncnc(N3CCOCC3)c12,21,2,0.6037813107333633,0.052175142917861975,0.6073910701308763,-0.002666363341469108,-0.003609759397513068,0.05484150625933108,False
C(=Nc1ccccc1)c1csc(-c2ccc[nH]2)n1,15,2,0.6988246740774283,0.5388254267944292,0.6070260785827969,0.2096646117954654,0.09179859549463143,0.3291608149989639,True
C(=Nc1ccccc1)c1csc2nc(-c3ccccc3)cn12,10,2,0.6478630017937466,0.09686805265670165,0.6511137368106686,0.01014610590539034,-0.0032507350169220794,0.08672194675131131,False
C(=Nc1ccccc1)c1nc(-c2ccccc2)n2c1CCCCC2,26,2,0.5806943767562365,0.07359901909219525,0.5828045819027562,0.001905055367979128,-0.002110205146519717,0.07169396372421613,False
C(=Nc1ccccc1)c1nc2ccccc2nc1N1CCCCC1,12,2,0.609548626773027,0.05998473165844623,0.6097017365667772,-0.0052300154387166856,-0.00015310979375016132,0.0652147470971629,False
C(=Nc1ccccc1)c1nc2ncccn2n1,13,2,0.557442854079705,0.06198425212061921,0.5497989931818297,-0.0002021515323290026,0.0076438608978752765,0.06218640365294822,False
C(=Nc1ccccn1)c1ccccc1,32,2,0.394479134934269,0.406233945418947,0.30398156014091476,-0.06765992402900525,0.09049757479335424,0.4738938694479522,True
C(=Nc1cccnc1)c1ccccc1,14,2,0.3073768077103401,0.05849281509388814,0.3088681198858791,-0.04115499718210871,-0.0014913121755389946,0.09964781227599684,False
C(=Nc1coc2ccccc12)c1ccccc1,15,2,0.5896149410683927,0.18330197240996188,0.5604856093369074,0.019129821435290337,0.029129331731485353,0.16417215097467153,False
C(=Nc1nc(-c2ccccc2)cs1)c1ccccc1,11,2,0.4138892511604281,0.3933627389796339,0.36958310158168217,0.05880207063463894,0.0443061495787459,0.334560668344995,True
C(=Nc1nc2ccccc2s1)c1ccccc1,11,2,0.4852977049784627,0.1747121557112583,0.42707327731670136,-0.028653306243352248,0.058224427661761335,0.20336546195461055,False
C(=Nc1nnc(-c2ccccc2)o1)c1ccccc1,7,2,0.5263151246186395,0.40555176883653865,0.45296062617977184,0.05082274169675241,0.07335449843886765,0.35472902713978627,True
C(=Nc1nnc(-c2ccccc2)s1)Nc1ccccc1,8,2,0.5734698289183554,0.231297349450006,0.5517497763658622,0.07531981765320822,0.021720052552493208,0.15597753179679777,False
C(=Nc1nncs1)c1ccccc1,39,2,0.35923537929021165,0.11911177325975097,0.3257900822985181,-0.0189959876311094,0.033445296991693574,0.13810776089086038,False
C(CC(c1ccccc1)n1cccc1)=Nc1ccccc1,28,2,0.533597658472809,0.09190900854882916,0.5348239565180343,0.024475194564640673,-0.001226298045225227,0.06743381398418849,False
C(CC(c1cccs1)n1cccc1)=Nc1ccccc1,17,2,0.6306807084417212,0.08952128807696506,0.6425150079210521,0.020600530070349815,-0.011834299479330901,0.06892075800661525,False
C(CN1C=NC(c2ccccc2)c2cocc21)=Nc1ccccc1,7,2,0.6532185802176423,0.09014724435677658,0.5212211808004105,-0.03502841827646049,0.13199739941723188,0.12517566263323707,False
C(CN1CCN(Cc2ccco2)CC1)=Nc1ccccc1,9,2,0.5814089986264401,0.0787353367579554,0.5656329352378857,-0.04313839915074801,0.015776063388554418,0.1218737359087034,False
C(CNc1ccc2ocnc2c1)=Nc1ccccc1,8,2,0.6389015691072868,0.1131961082541067,0.6800249717811655,0.0033534974659132485,-0.041123402673878706,0.10984261078819345,False
C(COCc1cc(-c2ccc3c(c2)OCO3)on1)=Nc1ccccc1,18,2,0.6780615348957404,0.059982771962514995,0.6817232562661195,-0.020157314812760868,-0.003661721370379123,0.08014008677527587,False
C(COc1ccccc1-n1cnnc1)=Nc1ccccc1,10,2,0.5955639346825008,0.0834537566597155,0.5917225152911442,0.0013821452576794544,0.0038414193913566264,0.08207161140203605,False
C(COc1ncnc2occc12)=NCc1ccccc1,19,2,0.5886774113812345,0.13523247904143434,0.5832186507222262,0.044747755359110256,0.005458760659008299,0.09048472368232409,False
C(CSc1ccccc1)=Nc1ccccc1,12,2,0.3203255989079371,0.10561219592421715,0.30975485188049456,0.02362153542404581,0.01057074702744254,0.08199066050017134,False
C(CSc1nc2ccccc2[nH]1)=Nc1ccccc1,8,2,0.34740436731581203,0.1032208699170777,0.38979410975982953,-0.020212850989179718,-0.0423897424440175,0.12343372090625741,False
C(CSc1nnc(C2CC2c2ccccc2)[nH]1)=Nc1ccccc1,9,2,0.7801239639087088,0.24596388249108214,0.6188390379357309,0.01641181441209418,0.16128492597297783,0.22955206807898795,True
C(Cc1ccccc1)=NCc1ccccc1,17,2,0.3715924410683572,0.10853624100591504,0.26970176583081773,-0.004265974288574155,0.10189067523753947,0.1128022152944892,False
C(Cc1ccccc1)=Nc1cccc(-c2ccc3nncn3n2)c1,8,2,0.6415175901954853,0.10097526726875647,0.5597569910298472,-0.015498922297790312,0.08176059916563805,0.11647418956654679,False
C(Cc1ccccc1)=Nc1cn[nH]c1,8,2,0.4670365313660896,0.05810162854087787,0.4308175476254229,-0.05235017396216575,0.03621898374066668,0.11045180250304362,False
C(Cc1ccccc1)=Nc1nc(-c2ccccc2)cs1,10,2,0.41603357963582577,0.26961868054685667,0.4119773206009591,0.1683259344353775,0.004056259034866672,0.10129274611147918,False
C(Cc1cnn(-c2ccccc2)c1)=Nc1ccccc1,19,2,0.3995442072023633,0.057562350926274305,0.4145466032923701,-0.03527173212966212,-0.015002396090006809,0.09283408305593643,False
C(Cn1cccn1)=Nc1ccccc1,9,2,0.355361277554628,0.06317666150020541,0.2859009245495677,-0.05855574388041586,0.06946035300506026,0.12173240538062127,False
C(Cn1cnc(-c2noc(-c3ccccc3)n2)c1)=Nc1ccccc1,14,2,0.529125910570913,0.2852374023068358,0.5478745559341393,0.1344488472417855,-0.01874864536322629,0.15078855506505032,False
C1=CC2c3ccccc3NC(c3ccccc3)C2C1,20,2,0.5086432022675937,0.11855969737527294,0.486080062999434,-0.04381858053379358,0.022563139268159726,0.16237827790906653,False
C1=NC(c2ccccc2)CC(CN2CCN(c3ccccc3)CC2)=N1,9,2,0.7578305469314967,0.11284844244105863,0.6485412206744614,0.009016179040372992,0.10928932625703525,0.10383226340068563,False
C1=NC(c2ccccc2)Nc2ccccc21,7,2,0.4713733591148833,0.39355669281223155,0.44213538685178005,-0.010528822240522909,0.029237972263103262,0.4040855150527545,True
C1=NC2CC(Oc3ccccc32)N1c1ccccc1,15,2,0.45884768154273303,0.07875279336311879,0.45967836422205843,-0.0627863428346772,-0.0008306826793254007,0.14153913619779598,False
C1=NC=NC(c2ccccc2)C1,14,2,0.45940047228722153,0.12434532197295273,0.38065579852531095,0.03502066001229461,0.07874467376191058,0.08932466196065811,False
C1=NCCN(Cc2ccccc2)C1,10,2,0.5526190435730678,0.10238357664899753,0.5338819325775063,-0.031866008708343406,0.018737110995561523,0.13424958535734094,False
C1=NCCSC1CC=Nc1ccccc1,7,2,0.542715550997519,0.03888410163104228,0.5174291014666856,-0.02678144213159751,0.025286449530833366,0.06566554376263979,False
C1=Nc2c(-c3ccccc3)csc2C(c2ccccc2)C1,16,2,0.6520055929131309,0.20822521757800183,0.5649122388812262,0.02548022590266517,0.08709335403190466,0.18274499167533667,False
C1=Nc2cc3c(cc2C(c2ccccc2)C1)OCCO3,23,2,0.5925421138714085,0.5396074387190151,0.585218046048694,0.2824560502145208,0.007324067822714553,0.25715138850449426,True
C1=Nc2cc3c(cc2C(c2ccccc2)C1)OCO3,17,2,0.6059226601004494,0.39229752489694375,0.5556518447436528,0.033055780244896374,0.05027081535679656,0.3592417446520474,True
C1=Nc2ccccc2C(c2ccccc2)C1,13,2,0.5454514821570429,0.42138658178985666,0.49764037843725023,0.033539109566586116,0.047811103719792636,0.38784747222327054,True
C1=Nc2ccccc2C(c2ccccc2)NC1,8,2,0.49097327192946805,0.0978973799477122,0.45037968522052874,-0.030585274942930545,0.04059358670893931,0.12848265489064273,False
C1=Nc2ccccc2OC1,10,2,0.30572350576052276,0.05655020634392308,0.2599202709399322,-0.008201723766316912,0.045803234820590566,0.06475193011024,False
C1C2CC3CC1CC(C2)C3,24,2,0.2392582183202367,0.0589855204567056,0.23094124946580402,-0.01357194636437716,0.008316968854432671,0.07255746682108276,False
C1CCC2C(C1)CCC1C3CCCC3CCC21,12,2,0.5716019340729588,0.11372967275254932,0.5329875702246781,0.014025461922234445,0.03861436384828065,0.09970421083031487,False
C1CCCCC1,36,2,0.14680330726269533,0.08341491774098767,0.14660612527428699,0.018795844853652637,0.0001971819884083459,0.06461907288733502,False
C1CCNC1,42,2,0.16061660963645444,0.07148900183102483,0.16491757777958874,0.01578228283809686,-0.004300968143134298,0.055706718992927964,False
C1CCNCC1,80,2,0.13970307923214353,0.07516823021432845,0.13801711896659333,0.01626889302188248,0.001685960265550207,0.058899337192445965,False
C1CNCCN1,21,2,0.20531772700364004,0.09407347045581699,0.22271910789753493,0.027729134677582194,-0.017401380893894897,0.06634433577823479,False
C1COCCN1,25,2,0.21921640574610202,0.05459753944093351,0.20414041326670537,0.003984479724363359,0.015075992479396644,0.05061305971657015,False
N=C(Nc1ccccc1)Nc1ncccn1,12,2,0.4503762016574363,0.11587720359919873,0.37930208994565623,0.019317398735648222,0.07107411171178007,0.09655980486355051,False
N=C1Nc2nc3ccccc3n2C(c2ccccc2)N1,13,2,0.6062283055399342,0.05287189858623202,0.6056530815953785,-0.011756281380326108,0.0005752239445557805,0.06462817996655813,False
N=c1[nH]c2[nH]c(=O)[nH]c(=O)c2n1Cc1ccccc1,7,2,0.5311978816998523,0.07882489708211775,0.5044540177400006,0.016730812498503517,0.02674386395985162,0.062094084583614234,False
N=c1[nH]c2ccccc2n1CCOc1ccccc1,12,2,0.5445987584228502,0.22894711848070765,0.4099798508503162,0.055323753379615176,0.13461890757253403,0.17362336510109247,False
N=c1[nH]ccs1,15,2,0.17172899768528294,0.10839204037710212,0.17174884469914303,0.007091063409673612,-1.9847013860097018e-05,0.10130097696742851,False
N=c1c(C=Nc2ccccc2)n[nH]n1CC=Nc1ccccc1,9,2,0.5816415648062345,0.16094075018603501,0.5880338526470036,-0.0733565050085927,-0.006392287840769062,0.2342972551946277,False
N=c1c(C=Nc2ccccc2)n[nH]n1Cc1ccccc1,22,2,0.4797760862594031,0.17239678922578408,0.47945905613353657,0.02793641419141716,0.00031703012586653534,0.14446037503436693,False
N=c1c2c[nH]nc2nc(SCC=Nc2ccccc2)n1-c1ccccc1,7,2,0.7240444059970903,0.606096060855268,0.6963148839710573,0.49687082273530825,0.02772952202603296,0.10922523811995977,False
N=c1cc(-c2ccccc2)[nH]n(CC=Nc2ccccc2)c1=O,9,2,0.6387838105186044,0.28035146105624364,0.5475336595777136,0.08798966436055564,0.09125015094089084,0.192361796695688,False
N=c1ccn(C2CCCO2)cn1,18,2,0.3895161985583834,0.37987844789204006,0.3333519829036971,-0.05917333977889553,0.05616421565468627,0.4390517876709356,True
N=c1ccnc[nH]1,15,2,0.20385972788704365,0.11009153006666678,0.1977098643690194,0.03634962592289962,0.00614986351802424,0.07374190414376716,False
N=c1nc(Nc2ccc(NC(=O)c3ccccc3)cc2)cc[nH]1,9,2,0.6845353722477026,0.6992311198105958,0.7084604326724888,0.5786709391227565,-0.02392506042478626,0.12056018068783936,False
N=c1nc(Nc2ccc(NS(=O)(=O)c3ccccc3)cc2)cc[nH]1,9,2,0.7001733480424052,0.39705960287334136,0.6618850256641852,0.11043465721195173,0.03828832237822,0.28662494566138963,True
N=c1nccc(-c2cn[nH]c2)[nH]1,12,2,0.42646194281040134,0.07903848584278039,0.4445004574803576,-0.05379573957150056,-0.018038514669956263,0.13283422541428094,False
N=c1nccc[nH]1,13,2,0.2188495316414638,0.07666757596045257,0.22422978973164936,0.0186584900097733,-0.005380258090185552,0.058009085950679266,False
O=C(C=Cc1ccccc1)c1ccccc1,14,2,0.3126499890329466,0.4616411465983299,0.29706553356404886,0.15717333044062756,0.015584455468897751,0.30446781615770235,True
O=C(CC(c1ccccc1)n1cccc1)Nc1ccccc1,12,2,0.5690391532036935,0.1334647290486294,0.597276559878338,0.06113563834033865,-0.028237406674644583,0.07232909070829076,False
O=C(CC1C(=O)Nc2ccccc21)c1ccccc1,9,2,0.4932555870792099,0.14993247692491438,0.48141469695609007,-0.08400209675929986,0.01184089012311984,0.23393457368421422,False
O=C(CCc1ccccc1)N=CC(=O)NN=Cc1ccccc1,8,2,0.6011586570399357,0.05641869002537567,0.5672562937986226,-0.009516409970722738,0.033902363241313016,0.06593509999609841,False
O=C(CCc1nc(-c2ccccc2)no1)Nc1ccccc1,10,2,0.5124902419548836,0.10220434453519557,0.4558055508092892,0.050312188356399515,0.05668469114559438,0.051892156178796056,False
O=C(CCn1cnc2ccccc2c1=O)N1CCN(c2ccccc2)CC1,10,2,0.6244551622486404,0.113659014831032,0.6171886736987163,-0.0027843296589909927,0.007266488549924066,0.11644334449002298,False
O=C(CN1C(=O)CC=Nc2ccccc21)Nc1ccccc1,10,2,0.7434951867580895,0.37088698186475205,0.6846999607963714,-0.052652753551381715,0.058795225961718045,0.42353973541613377,True
O=C(CN1CCCN(Cc2ccccc2)S1(=O)=O)Nc1ccccc1,12,2,0.6346356526445353,0.08616680560234716,0.6152903419000476,0.0038852651755340545,0.019345310744487643,0.0822815404268131,False
O=C(CN1CCOCC1)N1CCCC1c1cccc(Cc2ccccc2)n1,7,2,0.7699160558433087,0.10533369140335697,0.7653365627204177,0.007927368538060761,0.004579493122890965,0.0974063228652962,False
O=C(CNCc1ccccc1)N1C=NCC1,9,2,0.5100272587066809,0.06102036798226754,0.5061844498110988,-0.022292115888590817,0.003842808895582084,0.08331248387085835,False
O=C(CNc1ccccc1)N1C=NCC1,27,2,0.5773101604441218,0.04487542353502993,0.585747295574685,-0.009585062180610901,-0.008437135130563211,0.05446048571564083,False
O=C(CNc1ccccc1)N1CCc2ccccc21,16,2,0.35482305173663664,0.029902359254653565,0.3696618166330895,-0.04223156000678001,-0.01483876489645286,0.07213391926143357,False
O=C(COc1ccccc1)N1CCCCC1,14,2,0.3350325478523942,0.11096820721032116,0.37016968183393695,0.037381109154036425,-0.03513713398154272,0.07358709805628474,False
O=C(COc1ccccc1)N=c1cc[nH]cc1,7,2,0.5252405474375494,0.37126515187321185,0.4007210780349868,0.0581681258110932,0.12451946940256264,0.31309702606211864,True
O=C(COc1ccccc1)NCc1nc2ccccc2s1,8,2,0.5346145476595561,0.09434999121668788,0.5863173442781702,-0.030262149082068625,-0.0517027966186141,0.1246121402987565,False
O=C(Cc1ccccc1)Nc1ccccc1,21,2,0.2526533972895258,0.05432048709437937,0.26494153956553057,-0.019880593967179203,-0.012288142276004776,0.07420108106155858,False
O=C(Cc1ccccc1)c1ccccc1,11,2,0.31720088688311754,0.12665029555798957,0.283731101191208,0.025084617629789686,0.03346978569190956,0.10156567792819989,False
O=C(Cn1c(-c2ccccc2)nccc1=O)Nc1ccccc1,13,2,0.6939840289346,0.24359279573412496,0.6464897821930833,-0.05502567449399455,0.0474942467415167,0.2986184702281195,True
O=C(Cn1cccn1)N1CC(c2ccccc2)C2C1C1CCN2CC1,10,2,0.58053436301497,0.06601713243743806,0.5850644999718849,-0.027058167588517257,-0.004530136956914954,0.09307530002595532,False
O=C(Cn1cccn1)N1CCCC1c1ncc(Cc2ccccc2)o1,7,2,0.5465354817395018,0.061297351170710945,0.5228560238307339,-0.05052031265595971,0.02367945790876791,0.11181766382667066,False
O=C(Cn1cccn1)N1CCCCC1c1ncc(Cc2ccccc2)o1,9,2,0.6176454229812777,0.07844672120436516,0.6209552457584808,-0.005450734668871655,-0.003309822777203153,0.08389745587323681,False
O=C(Cn1cccnc1=O)N1CCCCC1c1ncc(Cc2ccccc2)o1,12,2,0.6866313309896146,0.05746400774132988,0.6027268105849437,-0.021078224470554043,0.08390452040467089,0.07854223221188392,False
O=C(Cn1nc(-c2nc(-c3ccccc3)no2)ccc1=O)Nc1ccccc1,12,2,0.7477207179080142,0.2746296317917529,0.7278518957240036,0.15880146459577515,0.019868822184010648,0.11582816719597777,False
O=C(N=c1cc[nH]n1-c1ncccn1)c1ccccc1,14,2,0.49801084266583073,0.47193782746773216,0.47663849765282446,0.13610217230873814,0.021372345013006278,0.33583565515899405,True
O=C(NC1CCNCC1)c1ccc(-c2ccccc2)o1,7,2,0.54953237303216,0.13404304647075757,0.48541449677922466,-0.06550656217072291,0.0641178762529353,0.19954960864148047,False
O=C(NC1CCS(=O)(=O)C1)c1ccc(-c2ccccc2)o1,9,2,0.5468455317193633,0.1239431960036987,0.5358937969589738,-0.03459597709246438,0.010951734760389575,0.15853917309616308,False
O=C(NCC1CC2CCN1CC2c1cc(-c2ccccc2)n[nH]1)c1ccccc1,7,2,0.7633387256053666,0.3589327473994701,0.7858251019896706,0.22668956467692347,-0.022486376384303952,0.13224318272254665,False
O=C(NCC1CCOC1)c1ccccc1,7,2,0.5214647597992447,0.056098398327815296,0.5755705385600502,-0.032888431342468834,-0.05410577876080558,0.08898682967028412,False
O=C(NCCN1CCOCC1)C(=O)Nc1ccccc1,7,2,0.5633892780104214,0.06085822140818434,0.6157398429078706,0.01915459787501395,-0.05235056489744927,0.04170362353317039,False
O=C(NCCc1ccccc1)c1ccccc1,10,2,0.2998768616684565,0.08239487440098323,0.32503801995153486,-0.05218843030862449,-0.025161158283078355,0.13458330470960772,False
O=C(NCc1cc(-c2ccccc2)on1)C1CC1,7,2,0.5059804205393206,0.11427557114780576,0.5332028612356909,-0.0007850953966256786,-0.027222440696370365,0.11506066654443144,False
O=C(NCc1cc(-c2ccccc2)on1)c1ccccc1,47,2,0.451912466082689,0.03370296163987385,0.447615371986241,-0.006819428504218787,0.004297094096447962,0.04052239014409264,False
O=C(NCc1ccccc1)c1ccc(CS(=O)Cc2ccccc2)o1,8,2,0.5551146693797,0.10240914005590669,0.6023662853144383,-0.04335407239976187,-0.047251615934738256,0.14576321245566856,False
O=C(NCc1ccccc1)c1ccc(NC(=O)C2CC2)s1,9,2,0.43684228570977357,0.11506975143539482,0.4337181655116774,0.028997886600200095,0.0031241201980961586,0.08607186483519472,False
O=C(NCc1ccccc1)c1cccc(N2CCNC(c3ccccc3)C2)n1,11,2,0.7223649950960921,0.5728954716180997,0.7227591994412974,0.4201795670380064,-0.0003942043452053179,0.15271590458009332,False
O=C(NCc1ccccc1)c1ccccc1,31,2,0.23129595780570333,0.09380581699155484,0.24631840880813327,-0.014646382679830035,-0.015022451002429937,0.10845219967138488,False
O=C(NCc1ccccc1)c1ccnc2c1cnn2-c1ccccc1,8,2,0.5093887116778255,0.1742069293493751,0.5710217789468539,0.0768702149605971,-0.061633067269028396,0.097336714388778,False
O=C(Nc1c[nH]c2ccccc12)c1cccs1,9,2,0.7065948120295222,0.17010383347093438,0.7145207366093966,0.04848765562431657,-0.0079259245798744,0.12161617784661782,False
O=C(Nc1ccccc1)C(=O)c1c[nH]c2ccccc12,7,2,0.5187497430820628,0.32286585529251804,0.5480278537887234,0.21782874572642233,-0.029278110706660643,0.10503710956609572,False
O=C(Nc1ccccc1)OCC1CC2CCN1CC2c1cc(-c2ccccc2)n[nH]1,8,2,0.7167835580350211,0.42789590476244305,0.7244839696181943,0.12197858867823273,-0.007700411583173139,0.3059173160842103,True
O=C(Nc1ccccc1)c1c2c(nn1C1CCS(=O)(=O)C1)CCC2,13,2,0.6674406165135993,0.08894194134377353,0.6750971571844232,0.001587090097663901,-0.007656540670823886,0.08735485124610963,False
O=C(Nc1ccccc1)c1cc2cc3c(nc2s1)CCCC3=O,14,2,0.6636610920711665,0.46432427422714334,0.6703365621055474,0.14526031622851063,-0.006675470034380848,0.31906395799863274,True
O=C(Nc1ccccc1)c1cc2cccnc2s1,26,2,0.6101181270399734,0.26572746150945736,0.5969074200503741,0.13626558990390675,0.013210706989599252,0.12946187160555062,False
O=C(Nc1ccccc1)c1cc2ncccc2o1,23,2,0.5971695309392868,0.0747100176499636,0.5869991418434292,0.011032231832319394,0.010170389095857657,0.0636777858176442,False
O=C(Nc1ccccc1)c1ccc(-c2ccccc2)o1,7,2,0.43236995267764744,0.4187143104715638,0.394884089791639,0.04087998734023492,0.037485862886008414,0.3778343231313289,True
O=C(Nc1ccccc1)c1ccc[nH]1,11,2,0.3148343542199168,0.08860565489224045,0.3136876216586008,-0.05571031062910443,0.0011467325613159773,0.14431596552134487,False
O=C(Nc1ccccc1)c1ccccc1,119,2,0.26556819274037835,0.2670868316273289,0.26660867859909915,-0.07018633059912387,-0.0010404858587207966,0.33727316222645276,True
O=C(Nc1ccccc1)c1ccn(-c2ccccc2)n1,37,2,0.5970864496806747,0.391777412680917,0.5904821887685433,0.14852119874445277,0.006604260912131399,0.2432562139364642,True
O=C(Nc1ccccc1)c1ccnc2[nH]ncc12,14,2,0.5639689044431184,0.08570993427890372,0.5236300029223883,-0.006665576824973124,0.040338901520730164,0.09237551110387685,False
O=C(Nc1ccccc1)c1ccnc2oncc12,11,2,0.6484620939719086,0.09961763218121529,0.6640433700907123,-0.03802943097128534,-0.015581276118803777,0.13764706315250064,False
O=C(Nc1ccccc1)c1ccsc1,11,2,0.3640995242621706,0.05192326499775805,0.3905059919455943,-0.04613298386276162,-0.026406467683423696,0.09805624886051967,False
O=C(Nc1ccccc1)c1cn2cc(-c3ccccc3)nc2s1,11,2,0.5683156451334173,0.08626744231490041,0.5669929219136868,-0.038186810815315365,0.0013227232197304817,0.12445425313021577,False
O=C(Nc1ccccc1)c1coc2ncnc(N3CCCCC3)c12,16,2,0.6714600186639483,0.09073903547264843,0.6208903059102667,0.011020667025018159,0.050569712753681606,0.07971836844763028,False
O=C(Nc1ccccc1)c1nc(-c2ccccc2)n2c1CCCCC2,29,2,0.6009875008383054,0.056553506593675903,0.6021451596591472,-0.01319429051408236,-0.0011576588208417338,0.06974779710775826,False
O=C(Nc1ccccc1)c1nc2ccccc2nc1N1CCCCC1,7,2,0.6339794981675171,0.12645804341497316,0.6601307793891097,-0.008069285789929777,-0.026151281221592604,0.13452732920490293,False
O=C(Nc1ccccc1)c1nc2ncccn2n1,72,2,0.44406333925315655,0.04098995548190495,0.44770248070598223,-0.0055770798370988126,-0.0036391414528256782,0.04656703531900376,False
O=C(Nc1ccccc1)c1nnc(C2CCCN2S(=O)(=O)c2ccccc2)s1,22,2,0.6796490024673997,0.15328228873617,0.6220334517059924,-0.038040199727924315,0.05761555076140723,0.19132248846409433,False
O=C(Nc1nc(-c2ccccc2)cs1)c1ccc(=O)[nH]n1,11,2,0.5914428060243878,0.0411522577708301,0.5872965213965083,-0.039022265661964615,0.004146284627879471,0.08017452343279471,False
O=C(Nc1nc(-c2ccccc2)cs1)c1ccc(S(=O)(=O)N2CCCCC2)cc1,8,2,0.7125944736032628,0.3102674535108243,0.6164203539523376,0.16555825993514833,0.09617411965092515,0.14470919357567597,False
O=C(Nc1nc(-c2ccccc2)cs1)c1ccccc1,13,2,0.357567471464111,0.1902048982174242,0.3646566278358278,0.0038385025590851845,-0.007089156371716809,0.186366395658339,False
O=C(Nc1nc2ccccc2s1)c1cccs1,8,2,0.34594663160532313,0.18220578170073293,0.4079227809112871,0.03403897217278505,-0.06197614930596396,0.14816680952794786,False
O=C(OCc1ccccc1)c1ccccc1,11,2,0.30959083895271333,0.07165464441489888,0.31591702632586666,-0.007670994047088115,-0.006326187373153325,0.079325638461987,False
O=C(Oc1ccccc1)c1ccccc1,15,2,0.2881992670543827,0.08215960875908945,0.2893766090518664,-0.05156942869065498,-0.0011773419974837052,0.13372903744974443,False
O=C(c1cc(-c2ccccc2)on1)N1CCCCC1,10,2,0.5376972998746052,0.07382246141150682,0.44876047016141785,-0.049480948408425394,0.08893682971318739,0.12330340981993221,False
O=C(c1cc2ccccc2[nH]1)N1CCC(n2cnc3cccnc32)C1,17,2,0.6383970508080881,0.15772229347663685,0.5993977603273566,0.0377546328786647,0.038999290480731474,0.11996766059797215,False
O=C(c1cc2ccccc2[nH]1)N1CCC(n2cnc3cccnc32)CC1,13,2,0.677586226397429,0.29528028987906796,0.6241053472100916,0.10255613416409297,0.05348087918733746,0.19272415571497498,False
O=C(c1cc[nH]n1)N1CC(c2ccccc2)C2C1C1CCN2CC1,15,2,0.5555041812586989,0.08614746741823415,0.5409814024610667,-0.0005193075471767887,0.014522778797632196,0.08666677496541093,False
O=C(c1ccc(CS(=O)c2ccccc2)o1)N1CCN(c2ccccc2)CC1,7,2,0.5600680284337332,0.5616522296066242,0.5431385174076288,0.15532812206871585,0.016929511026104405,0.4063241075379084,True
O=C(c1ccc[nH]1)N1CC(c2ccccc2)C2C1C1CCN2CC1,7,2,0.5489218275658434,0.09745193087478564,0.6060680770619176,-0.029518081606212426,-0.057146249496074164,0.12697001248099807,False
O=C(c1ccccc1)N(Cc1ccccc1)Cc1cc(-c2ccccc2)on1,7,2,0.6725155801831625,0.1298588409528018,0.615988547567496,0.03148553196588494,0.056527032615666495,0.09837330898691687,False
O=C(c1ccccc1)N(c1ccccc1)C1CCNc2ccccc21,8,2,0.6546045478332576,0.13574862306087904,0.3888551352148616,0.01826692436821032,0.265749412618396,0.11748169869266872,False
O=C(c1ccccc1)N1CC(c2ccccc2)C2C1C1CCN2CC1,13,2,0.5629414249794547,0.051404186043904065,0.57040061770919,-0.004522926861877536,-0.007459192729735387,0.055927112905781604,False
O=C(c1ccccc1)N1CCC(Oc2ccccn2)C1,9,2,0.5109348814139103,0.062334989086619996,0.46692316070035134,-0.05554206756897897,0.044011720713558966,0.11787705665559897,False
O=C(c1ccccc1)N1CCC(c2ccccc2)n2ncnc21,7,2,0.6997556272761936,0.02996916205911612,0.7089648552193525,-0.032373620187398665,-0.009209227943158926,0.06234278224651478,False
O=C(c1ccccc1)N1CCC2(CC1)NC(c1ccccc1)=NO2,13,2,0.6118818238783045,0.061506408644269525,0.5912409581320135,-0.03100621863081458,0.02064086574629098,0.09251262727508411,False
O=C(c1ccccc1)N1CCCC(Oc2ncccn2)C1,12,2,0.4918145709572542,0.027939921924827953,0.5157656064493662,-0.033595550138361935,-0.02395103549211197,0.06153547206318989,False
O=C(c1ccccc1)N1CCCC(n2cc(-c3ncno3)nn2)C1,13,2,0.7698462370641856,0.0657794644718907,0.7458516603062446,-0.03551729885781092,0.023994576757941033,0.10129676332970163,False
O=C(c1ccccc1)N1CCCCC1,54,2,0.2693764942951974,0.06620418050345336,0.2554411980418853,-0.01867202941666352,0.01393529625331208,0.08487620992011688,False
O=C(c1ccccc1)N1CCCNc2nc3ccccc3nc21,25,2,0.5991033851429164,0.0514588518364253,0.5975973547807687,-0.01232525091322152,0.0015060303621476923,0.06378410274964681,False
O=C(c1ccccc1)N1CCN(c2ccc(-c3noc(C4CCC4)n3)cc2)CC1,7,2,0.6520383684065952,0.109817397962819,0.6836039082996487,0.019492309058480727,-0.03156553989305344,0.09032508890433827,False
O=C(c1ccccc1)N1CCN(c2ccccc2)CC1,36,2,0.38263649102407105,0.3354917786388415,0.331949250067777,-0.02624157587288868,0.050687240956294066,0.36173335451173017,True
O=C(c1ccccc1)N1CCOc2ccccc21,14,2,0.44978256578562437,0.04729995196485276,0.46586456922781644,-0.04387906273629046,-0.016082003442192072,0.09117901470114323,False
O=C(c1ccccc1)N1CCc2[nH]nc(-c3nc(-c4ccccc4)no3)c2C1,11,2,0.7024618558715756,0.14740989015363132,0.7015702087763439,0.10156510086988933,0.0008916470952317068,0.045844789283741985,False
O=C(c1ccccc1)N1CCc2ccccc21,22,2,0.3659154716359903,0.23958365375251012,0.36112621072736006,-0.016938644569633142,0.004789260908630244,0.25652229832214324,True
O=C(c1ccccc1)c1cc2ccccc2o1,18,2,0.41461271654351456,0.45951151859966133,0.3290607858023913,-0.032454692308297235,0.08555193074112327,0.49196621090795856,True
O=C(c1ccccc1)c1ccccc1,47,2,0.29089993789707624,0.26700208996363334,0.2634405350688914,-0.11722413181403549,0.02745940282818482,0.38422622177766885,True
O=C(c1ccccc1)c1coc2ccccc12,17,2,0.3125149328681777,0.2008364031236478,0.3242801212551957,-0.0375738708861712,-0.011765188387017955,0.238410274009819,True
O=C(c1ccccn1)N1CC(c2ccccc2)C2C1C1CCN2CC1,10,2,0.6014443926379918,0.05474282958299417,0.5897083599835228,-0.03742713062083487,0.011736032654468986,0.09216996020382903,False
O=C(c1ccccn1)N1CCC2(CC1)CC(Nc1ccccc1)CO2,7,2,0.6708119186216633,0.08187869364765879,0.7086740722018008,-0.0247079299143525,-0.03786215358013745,0.10658662356201129,False
O=C(c1cccnc1)C1C(c2ccccc2)C2CSCN2C12C=Nc1ccccc12,7,2,0.7031081458597309,0.30818980956520636,0.7396915220114847,0.11411626401841224,-0.03658337615175378,0.19407354554679412,False
O=C(c1cccnc1)N1CC(c2ccccc2)C2C1C1CCN2CC1,9,2,0.5483897326865069,0.06772691368948247,0.5804845198760159,0.009923950287188872,-0.03209478718950898,0.0578029634022936,False
O=C(c1ccco1)N1CCC(C=Nc2ccccc2)CC1,20,2,0.5804707775992708,0.019992699422582492,0.60086123166494,-0.05012393279062816,-0.020390454065669195,0.07011663221321066,False
O=C(c1ccco1)N1N=C(c2ccccc2)CC1c1ccccc1,16,2,0.6747476594017681,0.20903070809197247,0.6720790506905863,0.11557604199744852,0.002668608711181797,0.09345466609452395,False
O=C(c1cccs1)N1N=C(c2ccccc2)CC1c1ccccc1,18,2,0.6580573688748017,0.2642744903055372,0.6493447449184124,0.17963622623173886,0.008712623956389276,0.08463826407379832,False
O=C(c1ccn[nH]1)N1CCCCC1c1ncc(Cc2ccccc2)o1,13,2,0.6096285912855307,0.10461911281071459,0.5741124144996789,0.020276477309087135,0.03551617678585184,0.08434263550162746,False
O=C(c1ccon1)N1CC(c2ccccc2)C2C1C1CCN2CC1,9,2,0.5946592221253244,0.06442438042876868,0.6033911563652576,-0.04070035286699562,-0.008731934239933237,0.1051247332957643,False
O=C(c1cn2cc(-c3ccccc3)nc2s1)N1CCCCC1,9,2,0.6527792270007552,0.13213584983134544,0.6151243603818088,0.004262155872674253,0.03765486661894635,0.12787369395867118,False
O=C(c1cnn(-c2ccccc2)c1-n1cccc1)N1CCC(C=Nc2ccccc2)CC1,11,2,0.6736425225326235,0.11991186786356256,0.6932229629803649,0.005581513344193147,-0.019580440447741432,0.11433035451936942,False
O=C(c1cnoc1)N1CC(c2ccccc2)C2C1C1CCN2CC1,7,2,0.6589197693545744,0.05754336474496047,0.6162830384867203,-0.028934443307016677,0.04263673086785413,0.08647780805197715,False
O=C(c1cocn1)N1CC(c2ccccc2)C2C1C1CCN2CC1,8,2,0.6735949044934659,0.08145465143879951,0.6511942837444117,-0.029825993984328048,0.022400620749054245,0.11128064542312756,False
O=C(c1conc1-c1ccccc1)N1CCN(c2ccccc2)CC1,7,2,0.728198336205369,0.1828242894352924,0.6046961178551874,0.013251860353716926,0.1235022183501816,0.16957242908157547,False
O=C(c1nc(-c2cccc(S(=O)(=O)NCc3ccccc3)c2)no1)N1CCCCC1,8,2,0.7822597566476415,0.08309712497397392,0.7903804454519666,0.030287760863112172,-0.008120688804325149,0.05280936411086175,False
O=C(c1ncc[nH]1)N1CC(c2ccccc2)C2C1C1CCN2CC1,10,2,0.5078764190560559,0.1081861668282614,0.5657450396394607,0.013519711726142,-0.057868620583404806,0.0946664551021194,False
O=C(c1nnc(-c2csc(S(=O)(=O)NCc3ccccc3)c2)o1)N1CCCC1,8,2,0.6896046224829495,0.11275063765383861,0.6869181499544316,-0.015840986593840464,0.002686472528517947,0.12859162424767906,False
O=C(c1sc2ccccc2c1C1CCNC1)N1CCOCC1,7,2,0.6209313392911249,0.0215250938940559,0.6332630933082432,-0.03996277612467055,-0.01233175401711828,0.06148787001872645,False
O=C1C(=O)N(Cc2ccccc2)c2ccccc21,18,2,0.48080156260225704,0.4421908983539838,0.4141267459154203,0.08107058352859164,0.06667481668683672,0.36112031482539214,True
O=C1C(CNCc2ccccc2)CCCN1Cc1ccccc1,12,2,0.6445348858186604,0.0432352615003775,0.5938203356455367,-0.0306604619570149,0.05071455017312365,0.0738957234573924,False
O=C1C2CC(CN2)N=CCC2CCC(CN=CC3CN1CCN3)O2,7,2,0.7537576602380871,0.06985241394530237,0.764442774912283,-0.023242709968998673,-0.010685114674195861,0.09309512391430104,False
O=C1C2CC(CN2Cc2ccccc2)N=CCC2CCC(CN=CC3CN1CCN3)O2,26,2,0.712089541923803,0.04671034600486589,0.7046662045613411,-0.03330693950533781,0.007423337362461924,0.0800172855102037,False
O=C1CC(c2ccccc2)=Nc2cccnc2N1CC=Nc1ccccc1,8,2,0.6094200801804273,0.08304715115242989,0.6517869956297067,-0.068701684998884,-0.042366915449279396,0.1517488361513139,False
O=C1CC(c2nc(-c3ccccc3)no2)CN1c1ccccc1,11,2,0.6070632318700528,0.09863033613346106,0.6124313197592971,0.036369634042386134,-0.005368087889244255,0.062260702091074926,False
O=C1CC(c2nncs2)CN1c1ccccc1,8,2,0.6334588180721956,0.1288022375471752,0.5899536451745347,-0.017149551994698132,0.04350517289766087,0.14595178954187335,False
O=C1CC(c2noc(-c3ccccc3)n2)CN1C1CCCCC1,14,2,0.6504302225622078,0.06096455997972264,0.6387752784089449,-0.016748594760445903,0.011654944153262958,0.07771315474016854,False
O=C1CC(c2noc(-c3ccccc3)n2)CN1c1ccccc1,74,2,0.6237826368866666,0.04824596097528515,0.6250761179884101,0.010545429682898282,-0.0012934811017435432,0.03770053129238687,False
O=C1CCC2(CCN1)CN(Cc1ccccc1)CCN2,11,2,0.5164556220809282,0.07090203173497052,0.5345255853987907,-0.040914009948393656,-0.01806996331786248,0.11181604168336418,False
O=C1CCC2(CCN1CC1CC1)CNCCN2,7,2,0.5914301732451906,0.05377170707592356,0.6315942098634373,-0.002066765211005799,-0.040164036618246635,0.05583847228692936,False
O=C1CCCC2=NC=CC(c3ccccc3)C12,9,2,0.4730793356788189,0.1625860841089364,0.3848381169557173,0.008147037275494632,0.08824121872310159,0.15443904683344178,False
O=C1CCCCC(C=NCc2ccccc2)N1Cc1ccccc1,16,2,0.7028085234348678,0.09764645205516542,0.6965662500653942,3.584931604919302e-05,0.006242273369473583,0.09761060273911623,False
O=C1CCCN1c1cccc(C=NS(=O)(=O)c2ccccc2)c1,9,2,0.6888854273375784,0.105711566522595,0.7029608258062723,-0.047467080048201785,-0.014075398468693878,0.15317864657079677,False
O=C1CCCN1c1cccc(N=CCc2ccccc2)c1,7,2,0.4777938098498402,0.12070516789650032,0.5035043033163284,0.023219973028464024,-0.025710493466488238,0.09748519486803629,False
O=C1CCCN1c1ccccc1,18,2,0.2715380919761375,0.12381255070143042,0.26054329973997137,0.022995941631684363,0.010994792236166118,0.10081660906974606,False
O=C1CCOc2ccc(NS(=O)(=O)c3ccccc3)cc2N1,9,2,0.5681456002628058,0.1753965652481384,0.5412995408664559,0.05979882060174741,0.026846059396349875,0.115597744646391,False
O=C1CCS(=O)(=O)N1c1ccc(S(=O)(=O)Nc2ccccc2)cc1,35,2,0.48693109003982865,0.077502563931063,0.4896432149613092,0.025375885416086177,-0.002712124921480541,0.05212667851497682,False
O=C1CNCN1c1ccccc1,7,2,0.483244925796702,0.10365498096263412,0.4486048321443557,-0.08214084099262933,0.03464009365234627,0.18579582195526345,False
O=C1COc2cc(S(=O)(=O)N3CCN(C(=O)c4ccccc4)CC3)ccc2N1,10,2,0.7205870115398487,0.14109344122861672,0.7216588983610732,0.002633928083506264,-0.0010718868212244992,0.13845951314511046,False
O=C1COc2ccccc2N1CC=Nc1cccnc1,12,2,0.5290463086887569,0.08363913491543247,0.49210831057510485,-0.011950410362898107,0.03693799811365206,0.09558954527833058,False
O=C1N(Cc2ccccc2)CCCN1c1ccccc1,13,2,0.35569749164846043,0.06054873179639952,0.37717107702250746,-0.031044228362036592,-0.021473585374047033,0.09159296015843611,False
O=C1N=C(N2CCOCC2)SC1=Cc1ccccc1,12,2,0.606226229687413,0.08666275835830024,0.588180731950661,0.004146147453082021,0.018045497736752014,0.08251661090521822,False
O=C1N=CC(=Cc2ccccc2)S1,10,2,0.4760337643982778,0.2634032257741578,0.4514046652700785,0.0073199831445319346,0.024629099128199328,0.2560832426296259,True
O=C1NC(c2c[nH]c3ccccc23)C(C=NCc2ccccc2)c2ccccc21,8,2,0.6924756393171787,0.3267526769371291,0.66415859540787,0.1696741324954389,0.02831704390930867,0.15707854444169023,False
O=C1NC(c2ccccc2)Nc2ccccc21,9,2,0.6048715104557023,0.08060686732754252,0.3814930490451841,-0.07755315512154698,0.2233784614105182,0.1581600224490895,False
O=C1NCC2(CCNCC2)O1,15,2,0.4756899351501176,0.053448398927059264,0.4509951479423854,-0.011103096599476697,0.024694787207732216,0.06455149552653597,False
O=C1NCCn2cc(S(=O)(=O)Nc3ccccc3)cc21,47,2,0.5804962723111757,0.05169292209992436,0.5852252300460771,0.002803266955279098,-0.00472895773490134,0.048889655144645265,False
O=C1Nc2ccccc2C1=O,11,2,0.48976719783892686,0.4121746997119622,0.16347083057850723,-0.04895320354428361,0.32629636726041966,0.4611279032562458,True
O=C1Nc2ncccc2OC1C=Nc1ccccc1,14,2,0.5802399975917123,0.0593970826919111,0.5882901768713288,-0.03212071657412671,-0.008050179279616487,0.09151779926603781,False
O=C1c2ccccc2C(Nc2ccccc2)N1c1ccccn1,8,2,0.5495386201304104,0.04043183000408061,0.5211065549090821,-0.04955579337240797,0.02843206522132835,0.08998762337648858,False
O=C1c2ccccc2CN1C(CC=Nc1ccccc1)c1ccccc1,9,2,0.5741517097520692,0.15260620675273176,0.6218464368011111,0.05145857550486688,-0.047694727049041874,0.10114763124786488,False
O=S(=O)(CCC=Nc1ccccc1)c1cccc(-c2ccno2)c1,40,2,0.586416724721045,0.09065851757302837,0.583625317739214,0.034080951816306014,0.0027914069818310017,0.056577565756722355,False
O=S(=O)(CCN=Cc1ccccc1)N1CCN(c2ccccc2)CC1,15,2,0.5395191343142727,0.0765200747311596,0.5502931674867005,-0.05663926503621661,-0.010774033172427866,0.1331593397673762,False
O=S(=O)(Cc1ccccc1)N1CCCCC1,18,2,0.41433922969013515,0.07887554882588256,0.4149370645951234,0.005938107246598235,-0.0005978349049882703,0.07293744157928432,False
O=S(=O)(Cc1ccco1)c1ccccc1,9,2,0.4392337379584791,0.10694801455138626,0.41778535569597663,0.05655698378226161,0.021448382262502452,0.050391030769124656,False
O=S(=O)(N=Cc1ccc2[nH]ccc2c1)c1ccccc1,14,2,0.4932070004185437,0.11292011741460045,0.5477588923933366,0.0027888143657687943,-0.05455189197479293,0.11013130304883166,False
O=S(=O)(N=Cc1ccccc1)c1ccccc1,18,2,0.3257379527904707,0.08028022267089947,0.3331342473711454,-0.05005560677595648,-0.0073962945806747005,0.13033582944685596,False
O=S(=O)(NC1CCCCC1)c1cccc(C=Nc2ccccc2)c1,8,2,0.47632039637924994,0.19755417865681807,0.48937987694165314,0.0034070635217527115,-0.013059480562403192,0.19414711513506536,False
O=S(=O)(NC1CCCCC1)c1ccccc1,14,2,0.3410600363726296,0.08725329339091813,0.2909886426322851,-0.0015514727576156477,0.05007139374034453,0.08880476614853378,False
O=S(=O)(NC1CCNCC1)c1ccccc1,11,2,0.28043373944129696,0.039611965783499375,0.34953270918250373,-0.013829146379325903,-0.06909896974120677,0.05344111216282528,False
O=S(=O)(NCC1(c2cccs2)CCOCC1)c1ccccc1,10,2,0.6268226295923669,0.04702731562914385,0.6190321764749773,-0.026830316026270225,0.007790453117389573,0.07385763165541408,False
O=S(=O)(NCC1CCCC1)c1ccccc1,8,2,0.5648240938058862,0.05033347399114092,0.5823356768248433,-0.036054345514373226,-0.017511583018957166,0.08638781950551415,False
O=S(=O)(NCC1CCOC1)c1ccccc1,13,2,0.45825058682362363,0.06300204804665695,0.45281137039693287,-0.024848575493835807,0.005439216426690763,0.08785062354049275,False
O=S(=O)(NCC=NCc1ccccc1)c1cccs1,12,2,0.4855653626009403,0.08092095250284029,0.5065519130971846,-0.05093536500403321,-0.020986550496244316,0.1318563175068735,False
O=S(=O)(NCC=Nc1ccccc1)c1ccc2ncsc2c1,7,2,0.5488883464075185,0.12375222969052478,0.4774781775971461,0.01148390145364865,0.07141016881037238,0.11226832823687613,False
O=S(=O)(NCCN1CCOCC1)c1ccccc1,8,2,0.4296924756807722,0.12048842205078747,0.47614781237618814,0.060072818340579606,-0.04645533669541596,0.06041560371020786,False
O=S(=O)(NCCc1ccccc1)c1ccccc1,14,2,0.2593918784651762,0.11029676153649845,0.26665646717730745,-0.0037106448095569006,-0.007264588712131259,0.11400740634605536,False
O=S(=O)(NCCc1cccs1)c1ccccc1,7,2,0.5035683400797979,0.08645236653398478,0.3868240229580053,-0.045047273287134405,0.11674431712179262,0.13149963982111917,False
O=S(=O)(NCCn1cncn1)c1ccccc1,14,2,0.44312026221152984,0.10533772116978142,0.38288051086672437,-0.009510342161229072,0.06023975134480547,0.1148480633310105,False
O=S(=O)(NCc1cc(-c2ccccc2)on1)c1ccccc1,15,2,0.4810725968056704,0.10487511897599422,0.4773617326878069,0.013211641941468864,0.003710864117863477,0.09166347703452535,False
O=S(=O)(NCc1ccc2c(c1)OCO2)c1ccccc1,16,2,0.5051763458899671,0.04726592262020948,0.5114869857449053,-0.04327989468745197,-0.006310639854938183,0.09054581730766145,False
O=S(=O)(NCc1cccnc1)c1ccccc1,10,2,0.5070542236613577,0.1002110712892545,0.4660201947947873,0.007475644417754487,0.04103402886657037,0.0927354268715,False
O=S(=O)(NCc1coc(-c2ccccc2)n1)c1ccccc1,8,2,0.44865486119392534,0.1328403019335438,0.4989859116534642,0.060913131923216034,-0.05033105045953884,0.07192717001032775,False
O=S(=O)(Nc1ccc2c(c1)NCCC2)c1ccccc1,24,2,0.55850107719897,0.23202659565697412,0.5321204949730155,-0.012211932066622955,0.02638058222595452,0.24423852772359708,True
O=S(=O)(Nc1ccc2c(c1)OCO2)c1ccccc1,11,2,0.4884271074648888,0.08979899765889786,0.47873429888867375,-0.0503290090885286,0.009692808576215073,0.14012800674742645,False
O=S(=O)(Nc1ccc2occc2c1)c1ccccc1,12,2,0.49596550916060844,0.27157700416210917,0.5158679058738527,-0.08838823497144244,-0.01990239671324423,0.3599652391335516,True
O=S(=O)(Nc1ccc2sccc2c1)c1ccccc1,9,2,0.6383052388442729,0.2023224910517306,0.5804685981947879,0.003654386124448206,0.057836640649485016,0.1986681049272824,False
O=S(=O)(Nc1ccccc1)c1c[nH]c(-c2nnc(C3CC3)o2)c1,12,2,0.7349118093686404,0.9736177895205795,0.6579981732898426,0.963345925565797,0.07691363607879786,0.010271863954782523,False
O=S(=O)(Nc1ccccc1)c1c[nH]c(-c2nnco2)c1,21,2,0.5172050437231952,0.4472324283693508,0.4139219479639432,0.07453385146721614,0.10328309575925199,0.37269857690213465,True
O=S(=O)(Nc1ccccc1)c1c[nH]cc1-c1ncno1,18,2,0.6946796230688601,0.13492625619040652,0.7165180556884757,0.009810884732369844,-0.0218384326196156,0.12511537145803667,False
O=S(=O)(Nc1ccccc1)c1c[nH]cc1-c1nnc(C2CCC2)o1,17,2,0.7248663867548588,0.10071113277834817,0.7141940856562652,0.025294217532888075,0.010672301098593628,0.0754169152454601,False
O=S(=O)(Nc1ccccc1)c1cc(-c2noc(C3CCC3)n2)cs1,9,2,0.6398160017965571,0.11696884870388963,0.6611616103947854,-0.060733481038205916,-0.021345608598228316,0.17770232974209554,False
O=S(=O)(Nc1ccccc1)c1ccc(-c2ccno2)cc1,29,2,0.5319626123227217,0.32723090047339143,0.5014978517310079,-0.007492993861713761,0.03046476059171377,0.3347238943351052,True
O=S(=O)(Nc1ccccc1)c1ccc(-c2nnc(C3CC3)o2)s1,8,2,0.6382533396849197,0.12362372644379879,0.6564510094697773,-0.05930353056701058,-0.018197669784857595,0.18292725701080936,False
O=S(=O)(Nc1ccccc1)c1ccc2c(c1)OCCN2,8,2,0.520295156155723,0.06247968769415074,0.5552856298362585,-0.008728409779964419,-0.03499047368053554,0.07120809747411516,False
O=S(=O)(Nc1ccccc1)c1cccc(-c2ccno2)c1,70,2,0.5071124698329865,0.3198373782911824,0.4976397161886919,-0.09504778058855884,0.009472753644294618,0.41488515887974126,True
O=S(=O)(Nc1ccccc1)c1cccc(-c2ccon2)c1,12,2,0.5816732613937388,0.26705097950945905,0.5283534767325487,0.1208206008616802,0.05331978466119003,0.14623037864777885,False
O=S(=O)(Nc1ccccc1)c1ccccc1,158,2,0.26084876330320905,0.292914923678973,0.24922190965763347,-0.10391885632197478,0.011626853645575586,0.39683378000094777,True
O=S(=O)(Nc1ccccc1)c1cnc2sccn12,27,2,0.6638432705739531,0.04953542836521167,0.6678825167176381,-0.0006576783575707759,-0.004039246143685005,0.050193106722782446,False
O=S(=O)(Nc1ccccc1)c1cnn(-c2ccccc2)c1,23,2,0.5829361684685188,0.19012496204962454,0.5620129035797836,0.11571508928074321,0.020923264888735194,0.07440987276888132,False
O=S(=O)(Nc1ccccc1)c1n[nH]cc1C=Nc1ccccc1,7,2,0.5697723475323828,0.08778060515519284,0.578578685501857,-0.05076726091232862,-0.008806337969474165,0.13854786606752145,False
O=S(=O)(Nc1ccccn1)c1ccccc1,24,2,0.38551257511188297,0.06267782977041918,0.3918443160319469,-0.009414280596703895,-0.006331740920063944,0.07209211036712307,False
O=S(=O)(Nc1cccnc1)c1ccccc1,14,2,0.3405574555311318,0.0580510535246456,0.30717708906839053,0.004823388140477911,0.033380366462741284,0.05322766538416769,False
O=S(=O)(c1ccc2nccc(C=NCc3ccccc3)c2c1)N1CCCCC1,11,2,0.6392972165284873,0.16329866010865507,0.6213477818525152,0.0437693331751105,0.017949434675972098,0.11952932693354457,False
O=S(=O)(c1ccccc1)C1CCCC1,8,2,0.5857775886329104,0.07840626103401536,0.575412321102209,-0.07361570828201508,0.010365267530701439,0.15202196931603046,False
O=S(=O)(c1ccccc1)N1CC(OCc2ccccc2)C1,8,2,0.5485191017396298,0.03689249771577592,0.5175116514644221,-0.06244217512581984,0.031007450275207682,0.09933467284159576,False
O=S(=O)(c1ccccc1)N1CCC(NC2CCOCC2)CC1,16,2,0.7126444222559811,0.058899011510576915,0.6890149435838968,0.00303387021336568,0.023629478672084314,0.055865141297211235,False
O=S(=O)(c1ccccc1)N1CCC2(CC1)NCCN=C2NCc1ccccc1,8,2,0.6008181860055675,0.40083451108512175,0.623625698657343,0.17441723949252685,-0.022807512651775497,0.2264172715925949,True
O=S(=O)(c1ccccc1)N1CCCC(c2cc[nH]n2)C1,9,2,0.46480935168433907,0.09817768377730193,0.4845357191565435,-0.013993005187298995,-0.01972636747220441,0.11217068896460093,False
O=S(=O)(c1ccccc1)N1CCCC1c1ccccc1,11,2,0.4754546005832915,0.09329960266257602,0.49521970610705185,-0.02450613882586124,-0.019765105523760373,0.11780574148843725,False
O=S(=O)(c1ccccc1)N1CCCC1c1nnc2n1CCNCC2,8,2,0.6429086163289279,0.09922286557058022,0.5406487675006969,0.007512485473605928,0.10225984882823103,0.09171038009697428,False
O=S(=O)(c1ccccc1)N1CCCN(C2CCOC2)CC1,17,2,0.6102606677008162,0.05491911346660378,0.6130123715572641,-0.018618303685098148,-0.0027517038564478513,0.07353741715170192,False
O=S(=O)(c1ccccc1)N1CCCc2ccccc21,7,2,0.3752063210239691,0.3976719167768771,0.4382222504957001,-0.1399700936556598,-0.06301592947173101,0.5376420104325369,True
O=S(=O)(c1ccccc1)N1CCN(c2nc3ccccc3[nH]2)CC1,15,2,0.5433538053716379,0.1535132222183097,0.511411880866402,0.021244399373114398,0.03194192450523592,0.1322688228451953,False
O=S(=O)(c1ccccc1)N1CCN=C1N1CCN(c2ccccc2)CC1,12,2,0.5350217354556791,0.15083646525361044,0.5502728631175953,-0.0374521862626543,-0.015251127661916164,0.18828865151626473,False
O=S(=O)(c1ccccc1)N1CCNCC1,35,2,0.3889759590725062,0.08983700174527871,0.3790616771819225,-0.04208211016250146,0.009914281890583687,0.13191911190778016,False
O=S(=O)(c1ccccc1)c1ccccc1,22,2,0.2709984556240027,0.1747124297996107,0.2661619702125197,-0.040022249151971424,0.004836485411483016,0.21473467895158213,False
O=S(=O)(c1ccccc1)c1cn(-c2ccccc2)nn1,11,2,0.4863681535232067,0.10802895239435836,0.5339601947060854,-0.010182202891479987,-0.04759204118287863,0.11821115528583835,False
O=S(=O)(c1ccccc1)c1cnn2cccnc12,13,2,0.47857708027081514,0.08821778395271766,0.48079854606169703,0.015496028647342083,-0.0022214657908818936,0.07272175530537558,False
O=S(=O)(c1ccccc1)c1coc(-c2ccccc2)n1,26,2,0.5923693911008782,0.4660600737205078,0.4171649425513604,-0.0003892782697322584,0.17520444854951778,0.46644935199024007,True
O=S(=O)(c1ccccc1)n1cnc2ccccc21,13,2,0.43797197773788266,0.048831328230955845,0.4351985548798618,-0.027829670587250003,0.0027734228580208464,0.07666099881820584,False
O=S1(=O)CCC(n2nc(C=Nc3ccccc3)cc2-c2ccccc2)C1,9,2,0.6740290472882356,0.08575298535829126,0.6473535893633529,-0.0823873153269376,0.026675457924882795,0.16814030068522887,False
O=S1(=O)CCC(n2nccc2-c2ccccc2)C1,11,2,0.5720957738947087,0.06561447218223852,0.5661740588474625,-0.03228376552792694,0.0059217150472461455,0.09789823771016545,False
O=S1(=O)CCCC1,8,2,0.20713851695005153,0.08783908614529978,0.19855342485942143,-0.04406177276120938,0.008585092090630103,0.13190085890650916,False
O=S1(=O)N(CC=Nc2ccccc2)CCCN1Cc1ccccc1,47,2,0.5529067684444302,0.0712740080678663,0.5521451302926959,0.03233504659452917,0.0007616381517343562,0.03893896147333713,False
O=S1(=O)N(c2ccccc2)CCC12CCNC2,10,2,0.5815955091271463,0.08684506918122022,0.5956712220365501,0.004839242274917676,-0.014075712909403792,0.08200582690630254,False
O=c1[nH]c(=O)c2[nH]cnc2[nH]1,12,2,0.38045708759196495,0.09896340929264308,0.41860825816237035,0.029747877548909667,-0.0381511705704054,0.0692155317437334,False
O=c1[nH]c(=O)n(CC=Nc2ccccc2)c2ccsc12,9,2,0.6044294910500752,0.12049770826060212,0.6228660865770339,0.0323256958927886,-0.018436595526958754,0.08817201236781352,False
O=c1[nH]c2ccccc2cc1C=Nc1ccccn1,8,2,0.6827223300884965,0.4750828500112515,0.6086635462403283,0.19375663793619893,0.07405878384816822,0.2813262120750526,True
O=c1[nH]c2ccccc2nc1C=Nc1ccccc1,8,2,0.634765070945793,0.15005716051793488,0.5740700233642385,-0.019115422006418217,0.06069504758155453,0.1691725825243531,False
O=c1[nH]c2ccccc2nc1CCNc1ccccc1,8,2,0.6065862643242221,0.17396975154709587,0.4616334116995678,-0.033685708827311894,0.14495285262465435,0.20765546037440777,False
O=c1[nH]cc(-c2csc(-c3ccccc3)n2)c(=O)[nH]1,13,2,0.5521654388823347,0.0761149846700023,0.4950627464140837,-0.04968864687661519,0.057102692468251004,0.1258036315466175,False
O=c1[nH]cc(C2=NNC(c3ccccc3)C2)c(=O)[nH]1,11,2,0.6323859499594693,0.38611531077471206,0.3071980682318669,-0.08871854963045876,0.3251878817276024,0.47483386040517084,True
O=c1[nH]ccc2ccccc12,10,2,0.2920149115787354,0.09227584980697001,0.22612955147065308,0.008936097038549043,0.0658853601080823,0.08333975276842097,False
O=c1[nH]ccc2scc(C=NCc3ccccc3)c12,8,2,0.530713545579879,0.1269296770329165,0.5007260443968276,-0.018905361255317554,0.02998750118305149,0.14583503828823405,False
O=c1[nH]cnc2c1[nH]c1ccccc12,9,2,0.38237766350327773,0.10767641948019585,0.3857311560793136,0.02347676106224205,-0.0033534925760358436,0.0841996584179538,False
O=c1[nH]nc(-c2ccccc2)c2ccccc12,25,2,0.45112586309468133,0.06143266895356192,0.40285222736429854,-0.008941573445944836,0.04827363573038279,0.07037424239950675,False
O=c1[nH]ncc2ccccc12,10,2,0.35860238252055465,0.06632887124793933,0.4005334105980533,-0.009931025923836257,-0.041931028077498655,0.07625989717177559,False
O=c1[nH]ncn2cc(S(=O)(=O)Nc3ccccc3)cc12,19,2,0.5375237428364715,0.058521294730611594,0.5346798079374878,-0.00522227605625146,0.002843934898983713,0.06374357078686305,False
O=c1c(-c2ccccc2)coc2c(CN3CCNCC3)cccc12,11,2,0.551656457903672,0.06599422286573059,0.54625219480936,0.006699472318357922,0.005404263094311967,0.05929475054737267,False
O=c1c(-c2ncon2)c2n(c(=O)n1CC=Nc1ccccc1)CCCC2,8,2,0.6393592832155541,0.08013877210833967,0.6377192558597111,0.03420511730771787,0.00164002735584301,0.045933654800621795,False
O=c1c(-c2ncon2)c2n(c(=O)n1CC=Nc1ccccc1)CCCCC2,8,2,0.676468875038569,0.06887465725397647,0.6737310788330585,-0.04488008394893193,0.002737796205510512,0.1137547412029084,False
O=c1c(C=Nc2ccccc2)nn(-c2ccccc2)c2ccccc12,19,2,0.6531226389223471,0.16602842301307455,0.6386458460224229,0.08963851801036082,0.014476792899924207,0.07638990500271373,False
O=c1c(NCc2ccccc2)nc2ccccc2n1CC=Nc1ccccc1,9,2,0.724012753068121,0.14181261792188612,0.6860102174681628,0.03485316570947042,0.03800253559995814,0.1069594522124157,False
O=c1c(NS(=O)(=O)c2ccccc2)c[nH]n1-c1ccccc1,14,2,0.6150995161248373,0.08004677890520252,0.6110568374001658,0.0180853902911341,0.004042678724671456,0.06196138861406843,False
O=c1c2c(cnn1Cc1ccccc1)cnn2-c1ccccc1,13,2,0.4865624031517898,0.09342442373835681,0.49891505829469024,-0.04275847506504989,-0.01235265514290046,0.1361828988034067,False
O=c1c2cc(-c3ccc4c(c3)OCO4)nn2ccn1Cc1ccccc1,10,2,0.6893411716370214,0.2368963928062664,0.6821646012689163,0.14151585959545224,0.00717657036810504,0.09538053321081416,False
O=c1c2cc(-c3ccccc3)nn2ccn1CC=Nc1ccccc1,16,2,0.5899742611133973,0.08220814422137376,0.5857151104269133,0.007273890262954774,0.004259150686484081,0.07493425395841899,False
O=c1c2cc(-c3ccccc3)nn2ccn1Cc1ccccc1,25,2,0.6153711466423566,0.13089845082176818,0.5553439998120709,0.0550838003245293,0.06002714683028565,0.07581465049723887,False
O=c1c2cc(-c3ccccc3)nn2ccn1Cc1nc(-c2ccccc2)no1,21,2,0.7065509592618642,0.2014997106050106,0.6519460923126508,0.022327979418258516,0.054604866949213404,0.1791717311867521,False
O=c1cc(-c2ccccc2)c2ccccc2o1,25,2,0.469706649039106,0.16798262864507793,0.4444965593770577,0.0274725250413043,0.025210089662048296,0.14051010360377364,False
O=c1cc(-c2ccccc2)oc2ccccc12,50,2,0.3520353569897374,0.15689266793927759,0.32871977472376757,-0.0011277806823359019,0.02331558226596986,0.1580204486216135,False
O=c1cc(CNc2ccccc2)n2[nH]cnc2n1,9,2,0.6096742995027302,0.1154141154202037,0.555027483364971,0.019351027474894835,0.054646816137759235,0.09606308794530886,False
O=c1cc(Nc2ccccc2)c2ccccc2o1,7,2,0.3935818631435748,0.22105750946556493,0.4287726205368049,-0.02646802736314247,-0.03519075739323013,0.2475255368287074,True
O=c1cc[nH]c2ccccc12,33,2,0.24195661534686913,0.06009073159588585,0.236064619143999,-0.004398419569130557,0.00589199620287012,0.06448915116501641,False
O=c1cc[nH]cc1,9,2,0.1944817881048196,0.08927615050588031,0.20493710567940687,-0.0500244911614244,-0.010455317574587286,0.13930064166730471,False
O=c1cc[nH]n1-c1ccccc1,23,2,0.30629776681071885,0.05338644239904625,0.3128149225514968,-0.013790629111223598,-0.006517155740777936,0.06717707151026985,False
O=c1ccc(-c2ccccc2)nn1Cc1ccccc1,18,2,0.5512015143731797,0.0565632618130908,0.5511064305205824,-0.011464653938242034,9.508385259726637e-05,0.06802791575133284,False
O=c1ccc(-c2ccccc2)nn1Cc1nc(-c2ccccc2)no1,32,2,0.6650882441069625,0.06421647960423575,0.6760722221348251,-0.03248702491932302,-0.010983978027862551,0.09670350452355878,False
O=c1ccc(-c2csc(S(=O)(=O)Nc3ccccc3)c2)n[nH]1,28,2,0.6120702888421768,0.07317252308491944,0.6226443617232461,0.007106178998788544,-0.010574072881069263,0.0660663440861309,False
O=c1ccc(-c2nc(-c3ccccc3)no2)nn1CC=Nc1ccccc1,25,2,0.6951985896170589,0.09304662623689111,0.6652667589602632,-0.03622222381400593,0.02993183065679572,0.12926885005089706,False
O=c1ccc(-c2nnco2)cn1CC=Nc1ccccc1,16,2,0.6004375130687618,0.046312239506018434,0.5700102572198524,-0.048678806762496384,0.030427255848909374,0.09499104626851482,False
O=c1ccc(CNc2nc(-c3ccccc3)cs2)n[nH]1,11,2,0.5957437111623589,0.10175218700798658,0.6130518647308779,-0.02847480122489939,-0.017308153568519002,0.13022698823288598,False
O=c1ccc2cc3c(-c4ccccc4)coc3cc2o1,13,2,0.4705236926928472,0.27952641567375125,0.43194739822396366,-0.05658018844422371,0.038576294468883554,0.33610660411797494,True
O=c1ccn(Cc2ccccc2)cc1C(c1ccccc1)N1CCNCC1,7,2,0.7418301573302597,0.12383393211604987,0.7159013388668317,0.018696377352167674,0.025928818463427983,0.1051375547638822,False
O=c1ccnc2[nH]c(=NCc3ccccc3)[nH]n12,11,2,0.5077129185998316,0.098546271426269,0.47117576014406753,-0.0033232351935543994,0.03653715845576405,0.1018695066198234,False
O=c1ccnc2c(-c3ccccc3)c[nH]n12,12,2,0.39702911469775637,0.09808687783152956,0.4291987066724083,0.005869086165669887,-0.03216959197465191,0.09221779166585967,False
O=c1ccnc2ccccn12,11,2,0.431369276436945,0.25348151187062584,0.3541956908404355,-0.04133436901154083,0.0771735855965095,0.29481588088216665,True
O=c1cnc2ccccc2[nH]1,15,2,0.21509467378373096,0.13124585513528134,0.24766057121120655,0.017476329681295612,-0.03256589742747559,0.11376952545398572,False
O=c1n(Cc2ccccc2)nnn1-c1ccccc1,10,2,0.5414236890418054,0.05698440325401272,0.49004593061581553,-0.03945907711608255,0.05137775842598985,0.09644348037009526,False
O=c1ncccn1C1CCCO1,24,2,0.5007956357066456,0.32795041821237425,0.43804862932787997,0.08570415280739349,0.06274700637876568,0.24224626540498076,True
O=c1oc2ccccc2n1Cc1ccccc1,12,2,0.5838285577504421,0.09327490428071848,0.47839524342995265,0.015422554379559177,0.10543331432048941,0.0778523499011593,False
c1c[nH]cn1,65,2,0.14413505843928634,0.050364441393700894,0.14492316402990693,-0.023538048735279926,-0.0007881055906205914,0.07390249012898081,False
c1cc(-c2ccnc(C3CCCCN3)n2)[nH]n1,8,2,0.5830352622952194,0.07213042231392339,0.6170748543658569,-0.02399242000333357,-0.03403959207063745,0.09612284231725696,False
c1cc2c(cc1-c1ccc3cnoc3n1)OCO2,11,2,0.6719789124949653,0.09142101293292634,0.6819130930447965,-0.06862562082386754,-0.009934180549831195,0.1600466337567939,False
c1cc2cn[nH]c2nc1C1CCCNC1,16,2,0.5276252608321708,0.07131579717381004,0.5011778428530295,-0.011048368367147864,0.026447417979141297,0.0823641655409579,False
c1cc2nc(-c3cn[nH]c3)ccn2n1,20,2,0.39615293562238596,0.06850955957267345,0.4093734491412688,-0.023382801787620183,-0.013220513518882815,0.09189236136029363,False
c1cc2nccc(N3CCCC3)c2cn1,11,2,0.6999931743645237,0.04925797839202895,0.5168692044807744,-0.03857070305267302,0.18312396988374924,0.08782868144470196,False
c1ccc(-c2c[nH]nc2-c2ccccc2)cc1,12,2,0.3386667626817347,0.46522959489846916,0.29261727294635015,-0.10454827143287478,0.04604948973538453,0.569777866331344,True
c1ccc(-c2cc(-c3ccccc3)[nH]n2)cc1,35,2,0.36869632480066805,0.32374466740188845,0.36065019274732474,0.13748963906152106,0.008046132053343313,0.1862550283403674,False
c1ccc(-c2cc3ncncc3s2)cc1,8,2,0.44789247798641624,0.11332869158905123,0.49338241484997525,-0.03439305198546028,-0.04548993686355901,0.1477217435745115,False
c1ccc(-c2cc[nH]n2)cc1,54,2,0.23008710017637957,0.06294812962003668,0.21089985406995973,-0.01824443588873998,0.019187246106419836,0.08119256550877665,False
c1ccc(-c2ccc(-n3ccnc3)cc2)cc1,15,2,0.5130526783701801,0.15489439235132105,0.5068135566367116,0.05227704582630419,0.006239121733468522,0.10261734652501686,False
c1ccc(-c2ccc(C3Nc4ccccc4-c4nncnc4O3)o2)cc1,11,2,0.5752811284824169,0.21777776167212093,0.5407410070468672,0.07351920179712197,0.03454012143554963,0.14425855987499897,False
c1ccc(-c2ccc3cc[nH]c3c2)cc1,14,2,0.5424428029021706,0.3887173469032529,0.5020224819209157,-0.046580543696365335,0.04042032098125492,0.4352978905996182,True
c1ccc(-c2ccc3cnoc3n2)cc1,25,2,0.5039448053372159,0.043681145919566594,0.49259355928460286,-0.03199698206706505,0.011351246052613007,0.07567812798663165,False
c1ccc(-c2cccc(-n3ccnc3)c2)cc1,12,2,0.46770800338590973,0.10241081080411993,0.47743230104507695,0.04017097582758874,-0.009724297659167214,0.06223983497653119,False
c1ccc(-c2cccc(CC3CCOCC3)c2)cc1,7,2,0.5384735270707834,0.14200838625272177,0.5145218274642752,-0.03537731547014205,0.023951699606508225,0.17738570172286383,False
c1ccc(-c2ccccc2)cc1,96,2,0.24672183310269746,0.30808841893958994,0.19087408938016626,-0.09023300508969334,0.05584774372253121,0.3983214240292833,True
c1ccc(-c2ccccn2)cc1,26,2,0.1765625770579758,0.12723132424841077,0.1646683068225763,-0.0011202360917371395,0.01189427023539949,0.1283515603401479,False
c1ccc(-c2cccnn2)cc1,14,2,0.2574152500339922,0.03643246450993064,0.22427995666281797,-0.025246474346333498,0.03313529337117421,0.06167893885626413,False
c1ccc(-c2ccco2)cc1,20,2,0.23409641780702994,0.0705836814948701,0.2496933418433865,-0.03659056918900598,-0.015596924036356569,0.10717425068387608,False
c1ccc(-c2ccn(-c3ccccc3)n2)cc1,12,2,0.3268486334229469,0.1632798567097473,0.28076083914641364,-0.08600934120283656,0.046087794276533256,0.24928919791258386,False
c1ccc(-c2ccn3nc(-c4ccccc4)cc3n2)cc1,19,2,0.5298430302231614,0.10017053458132436,0.5390884128512655,0.016128594907541365,-0.009245382628104148,0.08404193967378298,False
c1ccc(-c2ccn3nccc3n2)cc1,22,2,0.34511562273510565,0.07344887223627349,0.29179786539157926,0.014802498119304387,0.053317757343526395,0.0586463741169691,False
c1ccc(-c2ccnc(-n3cccn3)n2)cc1,18,2,0.46401655112603535,0.061313167447148736,0.48040090654163176,-0.015151646373594884,-0.016384355415596408,0.07646481382074362,False
c1ccc(-c2ccnc3ccccc23)cc1,20,2,0.3663698934764374,0.21177432326185439,0.20507983427483328,-0.02341998099077495,0.1612900592016041,0.23519430425262933,True
c1ccc(-c2ccon2)cc1,28,2,0.32021545682014807,0.09081076170613217,0.2554959083067236,-0.023363752528580545,0.06471954851342449,0.11417451423471271,False
c1ccc(-c2ccsc2)cc1,20,2,0.2651232420646497,0.0726846813155173,0.22501690721445378,-0.018406483393007628,0.040106334850195935,0.09109116470852492,False
c1ccc(-c2cn(-c3ccccc3)cn2)cc1,9,2,0.34101559247540725,0.10814280609825468,0.32838122352450316,-0.035248515847927764,0.012634368950904085,0.14339132194618243,False
c1ccc(-c2cn3ccsc3n2)cc1,42,2,0.3624240222724565,0.05330362618842305,0.3592443874794346,-0.002659076512141014,0.0031796347930219127,0.05596270270056406,False
c1ccc(-c2cn[nH]c2)cc1,15,2,0.19718334528281367,0.024955142336375212,0.1886491604718871,-0.050508423432682865,0.008534184810926576,0.07546356576905808,False
c1ccc(-c2cnn3c(N4CCCCC4)ccnc23)cc1,9,2,0.45590572612297625,0.09048707448127358,0.4175831246817973,-0.0255154377561421,0.03832260144117894,0.11600251223741567,False
c1ccc(-c2csc(Nc3ccccn3)n2)cc1,9,2,0.6026353627363179,0.33536015972547717,0.5289216372362354,0.16215271433867343,0.07371372550008248,0.17320744538680374,False
c1ccc(-c2csc3c(-c4ccccc4)ccnc23)cc1,33,2,0.6239051016862367,0.05761463300211575,0.6196750436634271,-0.005148697969391475,0.004230058022809624,0.06276333097150723,False
c1ccc(-c2cscn2)cc1,34,2,0.24691855629210951,0.09072981245943784,0.24763127994337233,-0.024697715417400474,-0.0007127236512628199,0.11542752787683831,False
c1ccc(-c2n[nH]c3c[nH]c(-c4ccccc4)c23)cc1,12,2,0.5183199034155395,0.1286956641628616,0.4153155605233618,0.00855399207672184,0.10300434289217764,0.12014167208613977,False
c1ccc(-c2nc(-c3ccccc3)c(-c3ccccc3)[nH]2)cc1,10,2,0.41869519033367597,0.14021900179120586,0.419358641558324,0.013933451217140676,-0.000663451224648004,0.12628555057406518,False
c1ccc(-c2nc3ccccc3s2)cc1,13,2,0.37911311014126226,0.05116217512356742,0.36970882757045004,-0.02048939470029371,0.009404282570812217,0.07165156982386113,False
c1ccc(-c2ncc3nc[nH]c3n2)cc1,15,2,0.561599700433939,0.13588452084328126,0.5316678343293463,-0.012741652379306322,0.029931866104592753,0.1486261732225876,False
c1ccc(-c2ncc3ncn(-c4ccccc4)c3n2)cc1,12,2,0.5957605266210126,0.4352327488517974,0.5143965039235296,-0.021039776433440533,0.081364022697483,0.45627252528523793,True
c1ccc(-c2ncc[nH]2)cc1,9,2,0.2660480987277912,0.09155651734968143,0.28195717712872387,-0.016228086981887286,-0.01590907840093264,0.10778460433156871,False
c1ccc(-c2ncccn2)cc1,29,2,0.264021540752849,0.042095825513808464,0.23670296712867606,-0.028916094301843234,0.027318573624172948,0.07101191981565169,False
c1ccc(-c2ncco2)cc1,21,2,0.2501518029742228,0.04851646100613641,0.2296771743594603,-0.009798324397614688,0.020474628614762486,0.058314785403751096,False
c1ccc(-c2ncon2)cc1,27,2,0.28699984386851696,0.046660993306087195,0.27221726307920163,0.005333509013289768,0.014782580789315325,0.04132748429279743,False
c1ccc(-c2nn3c(-c4ccccc4)nnc3s2)cc1,12,2,0.49472943527243646,0.3332484722321217,0.5276207697787351,-0.0012927170533816878,-0.03289133450629861,0.33454118928550336,True
c1ccc(-c2nn3cnnc3s2)cc1,12,2,0.4801432913303176,0.06065095188115374,0.4055491547620179,0.015359999103172052,0.07459413656829966,0.04529095277798169,False
c1ccc(-c2nn[nH]n2)cc1,13,2,0.26205060457226487,0.0864621279514697,0.24999997376316824,0.023440501406308493,0.01205063080909663,0.0630216265451612,False
c1ccc(-c2nnc(-c3ccccc3)o2)cc1,27,2,0.36321093200379356,0.10658953988907682,0.3730217021173387,-0.039775001444114416,-0.009810770113545142,0.14636454133319124,False
c1ccc(-c2nncc3ccccc23)cc1,11,2,0.42455922896659737,0.06492053259704603,0.32908727073725164,-0.08195071236511704,0.09547195822934573,0.14687124496216308,False
c1ccc(-c2nnco2)cc1,42,2,0.3092367366465729,0.12909763641113947,0.31621993330125525,0.024084169628337072,-0.006983196654682333,0.1050134667828024,False
c1ccc(-c2noc3ncnc(N4CCCCC4)c23)cc1,17,2,0.4777948522031285,0.06387277095532065,0.4604063497406886,-0.0053898609874312485,0.017388502462439892,0.0692626319427519,False
c1ccc(-c2noc3ncncc23)cc1,34,2,0.43872459839984007,0.07022287993768939,0.4294447656225679,-0.04068179944564062,0.009279832777272179,0.11090467938333001,False
c1ccc(-n2cccc2)cc1,49,2,0.19218186160960382,0.04508437483715136,0.1863492690913367,-0.002424439204961236,0.005832592518267121,0.047508814042112595,False
c1ccc(-n2ccnc2)cc1,33,2,0.4790585987366403,0.28821969100702094,0.26773656131841606,-0.09430230137580256,0.21132203741822425,0.3825219923828235,True
c1ccc(-n2cncn2)cc1,12,2,0.169249350086543,0.07445302143217479,0.20429877013223613,-0.0027168964663624035,-0.03504942004569314,0.0771699178985372,False
c1ccc(-n2cnnc2)cc1,21,2,0.2059294798631563,0.0509863461274211,0.2160996562233728,-0.03940204209590587,-0.010170176360216499,0.09038838822332698,False
c1ccc(-n2nc3ccccc3n2)cc1,20,2,0.5191896256394171,0.24797549977464173,0.31973089001947214,0.025483803556519705,0.19945873561994493,0.22249169621812204,True
c1ccc(-n2ncc3ccc(C4CC4)nc32)cc1,7,2,0.5512313622940586,0.06922224731185185,0.5609653095234174,-0.03067923470485213,-0.00973394722935883,0.09990148201670399,False
c1ccc(-n2ncc3cncnc32)cc1,29,2,0.3778451705732466,0.2704676570608249,0.3712816941357605,-0.08107538253654399,0.006563476437486115,0.3515430395973689,True
c1ccc(C(c2ccccc2)N2CCNCC2)cc1,7,2,0.528840639060363,0.20724644721376007,0.5648106704166108,0.03153817296066231,-0.03597003135624777,0.17570827425309776,False
c1ccc(C(c2cn3ncnc3s2)N2CCCCC2)cc1,11,2,0.534315570759347,0.11887403487297916,0.5017961132999766,0.05999436908272742,0.03251945745937035,0.058879665790251744,False
c1ccc(C2=NN3C(C2)c2ccccc2OC32CCNCC2)cc1,9,2,0.6277994451578988,0.2948682421864356,0.6054682901510487,0.11866026413774297,0.022331155006850012,0.17620797804869262,False
c1ccc(C2=NNC(c3ccccc3)C2)cc1,14,2,0.30107022688654295,0.3303355302870379,0.3315609396733039,0.03452744419033162,-0.030490712786760965,0.2958080860967063,True
c1ccc(C2=Nn3c(nnc3-c3ccccc3)SC2)cc1,8,2,0.5965555704336918,0.3432154630939442,0.5892382219454042,0.05705387550986732,0.007317348488287578,0.28616158758407684,True
c1ccc(C2CC2)cc1,16,2,0.18876701362619697,0.10426289762154628,0.21522724341657332,0.020721739714869465,-0.02646022979037635,0.08354115790667682,False
c1ccc(C2CCCN2)nc1,7,2,0.29148163787935755,0.04487885440448929,0.3487515136229675,-0.0678066616245893,-0.05726987574360998,0.11268551602907859,False
c1ccc(C2CCNCC2)cc1,24,2,0.20447175668025308,0.08042811070504696,0.21256219695793388,0.0027415314905264985,-0.0080904402776808,0.07768657921452046,False
c1ccc(C2CCOCC2)cc1,9,2,0.30708806077736506,0.0912137523877625,0.2783430701567347,-0.024080807680367713,0.02874499062063035,0.11529456006813021,False
c1ccc(C2CN(c3ccccn3)C3C4CCN(CC4)C23)cc1,11,2,0.4716832122138795,0.07769801388950519,0.5166302817395166,0.008177882402190476,-0.04494706952563715,0.06952013148731472,False
c1ccc(C2CNC3C4CCN(CC4)C23)cc1,44,2,0.49866490731115676,0.04167178341246549,0.493964539943663,-0.013915085276275461,0.004700367367493741,0.05558686868874095,False
c1ccc(C2NCc3cn(-c4ccccc4)cc32)cc1,17,2,0.5533887013549839,0.07488857232342755,0.5616005602371312,0.02515422199568795,-0.008211858882147371,0.049734350327739596,False
c1ccc(CCNCc2ccn(Cc3ccccc3)c2)cc1,18,2,0.5910082706652443,0.08245392036793323,0.5645480512308008,0.009877962320005955,0.026460219434443544,0.07257595804792727,False
c1ccc(CCNc2ncnc3sccc23)cc1,14,2,0.4325843387500288,0.20406690393146382,0.4128483382183795,0.025223933504067864,0.019736000531649256,0.17884297042739594,False
c1ccc(CCc2nc3ccccc3[nH]2)cc1,8,2,0.2671696613208338,0.11177342533980641,0.33330998738938805,0.001131365184988356,-0.06614032606855424,0.11064206015481806,False
c1ccc(CCn2cccc2)cc1,9,2,0.23572024749241527,0.08250380580080645,0.27719761448173924,-0.0172693099010563,-0.04147736698932397,0.09977311570186274,False
c1ccc(CN2CC(c3ccccc3)C3C2C2CCN3CC2)cc1,8,2,0.5914307003602396,0.37438250244776,0.5537156499878686,0.24596616992748677,0.037715050372370995,0.12841633252027324,False
c1ccc(CN2CC3(CCNC3)C2)cc1,10,2,0.4877718997815029,0.1315335768765463,0.5003282530861457,0.02307941453623961,-0.012556353304642776,0.10845416234030668,False
c1ccc(CN2CCC(c3nccc(-c4cccnc4)n3)C2)cc1,15,2,0.6890798827659896,0.06860557124507206,0.6883789883273,0.014514079967861984,0.0007008944386895921,0.05409149127721008,False
c1ccc(CN2CCCC(c3nccc(-c4ccncc4)n3)C2)cc1,12,2,0.7123267714017605,0.38168469134628386,0.7124766643822165,0.3320105028822139,-0.00014989298045597899,0.04967418846406996,False
c1ccc(CN2CCCC(c3ncccn3)C2)cc1,16,2,0.5687842273209103,0.07023967162932296,0.5838254236113952,-0.010060769745711738,-0.015041196290484948,0.0803004413750347,False
c1ccc(CN2CCCC2)cc1,19,2,0.2093904348025609,0.06737714847177166,0.20318892899837937,-0.03800433866185859,0.006201505804181523,0.10538148713363024,False
c1ccc(CN2CCCC2c2nnc3n2CCNCC3)cc1,8,2,0.6712662896964449,0.07734374947424956,0.6160916575876587,-0.02024650816457567,0.05517463210878615,0.09759025763882523,False
c1ccc(CN2CCNCC2)cc1,19,2,0.274150184080071,0.07044944192225612,0.2326505840677632,-0.057656136645290075,0.04149960001230782,0.1281055785675462,False
c1ccc(CN2CCc3nc(Nc4ccccc4)ncc3C2)cc1,20,2,0.6091762528248368,0.07890959254739757,0.6059618086760012,-0.02370947434061989,0.003214444148835538,0.10261906688801746,False
c1ccc(CN=c2[nH]cnc3c(-c4ccccc4)noc23)cc1,9,2,0.5167094086739867,0.08849972776761987,0.5225500863001052,0.0060282004032353965,-0.005840677626118507,0.08247152736438447,False
c1ccc(CNC2CCC3CCOCC32)cc1,8,2,0.47400433303816325,0.05701209105802653,0.4531065085299693,-0.041623807153873406,0.02089782450819394,0.09863589821189994,False
c1ccc(CNCCc2c[nH]c3ccccc23)cc1,11,2,0.3569861472717615,0.2662155468406007,0.33756674396559666,0.07238234891074376,0.019419403306164817,0.19383319792985698,False
c1ccc(CNCc2cc(-c3ccccc3)on2)cc1,10,2,0.5491173895850117,0.16006480133903975,0.5651726650923876,-0.03099701009722118,-0.016055275507375955,0.19106181143626094,False
c1ccc(CNCc2ccccc2)cc1,38,2,0.2249670392555464,0.09387550204799665,0.21372401527519316,-0.028931465311205693,0.011243023980353234,0.12280696735920234,False
c1ccc(CNCc2ccccn2)cc1,10,2,0.268647077645235,0.03915389080396379,0.2483135889592273,-0.03519619229787769,0.020333488686007678,0.07435008310184148,False
c1ccc(CNCc2cccnc2)cc1,9,2,0.23439604643868373,0.05441041370559303,0.24126446134531288,-0.09320147724725755,-0.00686841490662915,0.1476118909528506,False
c1ccc(CNCc2ccn(Cc3ccccc3)c2)cc1,22,2,0.5606053533674387,0.09911440865481866,0.5312137346693182,-0.00876024406832466,0.02939161869812046,0.10787465272314332,False
c1ccc(CNc2ccccc2)cc1,28,2,0.26494399138799496,0.23551312917469855,0.21154279380640875,0.05701560337356817,0.05340119758158621,0.17849752580113037,False
c1ccc(CNc2ccccn2)cc1,16,2,0.24644490783396922,0.10283852647760121,0.22380842161721926,0.006974257153953454,0.022636486216749963,0.09586426932364775,False
c1ccc(CNc2cnc(COc3ccccc3)o2)cc1,8,2,0.5583163591448596,0.08600311797679677,0.4837321834066656,0.004430941393894744,0.07458417573819398,0.08157217658290203,False
c1ccc(CNc2ncnc3c(-c4ccccc4)noc23)cc1,11,2,0.5416813268710094,0.06844579093552948,0.5838694374339493,-0.044110949728012105,-0.04218811056293981,0.11255674066354159,False
c1ccc(COc2ccccc2)cc1,45,2,0.2666158131353601,0.2932918672085347,0.22701113402047152,-0.048214975548849036,0.039604679114888575,0.3415068427573837,True
c1ccc(CSc2ncccn2)cc1,10,2,0.27696074846608276,0.1213106476696455,0.3017286329684283,0.037949811450794256,-0.024767884502345516,0.08336083621885124,False
c1ccc(Cc2ccc3cccnc3c2)cc1,32,2,0.5460697313341536,0.6404385760366924,0.48095617653165035,0.4992767599089411,0.06511355480250325,0.1411618161277513,False
c1ccc(Cc2cnc(C3CCCCN3)o2)cc1,8,2,0.6037377945521154,0.05327457174774361,0.5555581673715724,-0.05061578929385899,0.04817962718054303,0.1038903610416026,False
c1ccc(Cc2nn3c(-c4ccccc4)nnc3s2)cc1,14,2,0.48116284431616263,0.1064905685898036,0.47754063984662726,-0.013269207827568123,0.003622204469535373,0.11975977641737173,False
c1ccc(Cn2c(-c3ccccc3)nc3ccccc32)cc1,10,2,0.597813006186722,0.11411004098022107,0.48967138042224095,-0.0157420560203155,0.108141625764481,0.12985209700053657,False
c1ccc(Cn2cc3c(c2)C(c2ccccc2)NC3)cc1,13,2,0.5940440243086182,0.06942903697556588,0.6264521527214206,0.0014132305267138719,-0.032408128412802384,0.06801580644885201,False
c1ccc(Cn2cc3cccnc3c2Nc2ccccc2)cc1,9,2,0.5890388885504096,0.03291212756161685,0.6009604665091006,-0.06976181817955165,-0.011921577958690976,0.1026739457411685,False
c1ccc(Cn2nnnc2CN2CCN(c3ccccc3)CC2)cc1,11,2,0.4336666074899237,0.10715408833687148,0.46156440036913066,0.009844953218026697,-0.027897792879206962,0.09730913511884479,False
c1ccc(N2CCCCC2)cc1,24,2,0.2742679180137255,0.12368877634941827,0.24621587674896608,0.006828710754339426,0.028052041264759436,0.11686006559507885,False
c1ccc(N2CCN(c3ccn(-c4ccccc4)c3)CC2)cc1,10,2,0.5488832996649582,0.09140366457232532,0.5334559993558294,0.011759016803466166,0.015427300309128755,0.07964464776885916,False
c1ccc(N2CCNCC2)cc1,86,2,0.23012200065758656,0.06309074226996306,0.21361311779701733,-0.0077448843081201505,0.01650888286056923,0.0708356265780832,False
c1ccc(N2CCNCC2)nc1,15,2,0.23972677368977385,0.06283600709849298,0.2135460682902418,-0.022856863657471825,0.026180705399532045,0.0856928707559648,False
c1ccc(N=Nc2ccccc2)cc1,11,2,0.29328463884798783,0.18386484787472918,0.25166698909470875,-0.052912685160525406,0.041617649753279085,0.2367775330352546,False
c1ccc(N=c2[nH]ccs2)cc1,13,2,0.24928668119969857,0.1520829408245005,0.24116544676715637,-0.05625379962145745,0.008121234432542201,0.20833674044595796,False
c1ccc(N=c2cc[nH]c3ccccc23)cc1,30,2,0.2884817847993385,0.3179729606620257,0.2558746658811347,0.01088807131177811,0.03260711891820378,0.3070848893502476,True
c1ccc(N=c2ccnc(Nc3ccccc3)[nH]2)cc1,13,2,0.36760139678760306,0.4563798813249752,0.3577031212052863,0.2645744210584321,0.009898275582316762,0.1918054602665431,False
c1ccc(N=c2ccnc3nc[nH]n23)cc1,27,2,0.4353442721574622,0.14749721012265604,0.45840188430699313,0.016207025301349397,-0.02305761214953095,0.13129018482130664,False
c1ccc(N=c2nc(-c3nnc(-c4ccccc4)o3)[nH]c3ccccc23)cc1,7,2,0.5663048254955911,0.16187392775480294,0.6185378862503653,-0.08379346217326994,-0.052233060754774185,0.24566738992807288,False
c1ccc(N=c2scc(-c3ccccc3)n2-c2ccccc2)cc1,7,2,0.5420104623045799,0.3888938441489052,0.5011048887685529,0.03258423345703702,0.040905573536027084,0.3563096106918682,True
c1ccc(NCc2ccn(-c3ccccc3)n2)cc1,9,2,0.5363144006410345,0.10750272935883898,0.554058043594012,-0.046326561459561225,-0.01774364295297748,0.1538292908184002,False
c1ccc(NCc2ccnc(N3CCNCC3)n2)cc1,7,2,0.6622516869209556,0.07945884263480275,0.6570594267484503,-0.000932009143800424,0.005192260172505292,0.08039085177860318,False
c1ccc(Nc2cc(-c3ccccc3)ncn2)cc1,15,2,0.48359998168178286,0.10959580708086189,0.45338461857557805,0.015405585751996624,0.030215363106204818,0.09419022132886526,False
c1ccc(Nc2nc(-c3ccccc3)cs2)cc1,20,2,0.3700360604514551,0.16699855857470725,0.30802318201233175,-0.05903254226561407,0.06201287843912334,0.22603110084032133,False
c1ccc(Nc2ncccn2)cc1,28,2,0.23493343118851223,0.04889564220165445,0.24970056735152402,-0.017653608233403402,-0.014767136163011785,0.06654925043505786,False
c1ccc(Nc2ncnc3ccccc23)cc1,24,2,0.45697369914632546,0.4868185192429434,0.38652970208841786,0.00908932599338716,0.0704439970579076,0.4777291932495562,True
c1ccc(Nc2ncnc3onc(-c4ccccc4)c23)cc1,44,2,0.5807110801366488,0.2644186386325791,0.5415640024681192,-0.07608495214428225,0.03914707766852965,0.3405035907768613,True
c1ccc(Nc2ncnc3oncc23)cc1,19,2,0.6067389733221633,0.08032977228615264,0.47916464089556493,-0.010112535618398479,0.12757433242659838,0.09044230790455111,False
c1ccc(Nc2ncnc3sccc23)cc1,10,2,0.38514740596069513,0.16572971355641267,0.411165626385493,-0.008833345917293076,-0.026018220424797844,0.17456305947370573,False
c1ccc(OC2CNC2)cc1,8,2,0.30664634451684636,0.0826399976199223,0.32022626745259525,-0.031159424779502246,-0.01357992293574889,0.11379942239942455,False
c1ccc(OCCSc2nc3ccccc3[nH]2)cc1,11,2,0.5219800491574402,0.09920420572099378,0.4480782460111001,-0.045671226647023236,0.07390180314634015,0.14487543236801703,False
c1ccc(OCc2cnoc2)cc1,9,2,0.4505719765093288,0.08522398935356829,0.4338622230116303,-0.02434072469495377,0.016709753497698487,0.10956471404852205,False
c1ccc(OCc2nc3ccccc3[nH]2)cc1,22,2,0.35666030625700196,0.3276930535191232,0.3795188232998771,-0.07952603530899405,-0.022858517042875115,0.40721908882811725,True
c1ccc(Oc2ccc(-c3ccccc3)nn2)cc1,7,2,0.539750488907122,0.08138691651536911,0.5288740563099207,-0.04292378029301291,0.01087643259720128,0.12431069680838203,False
c1ccc(Oc2ccccc2)cc1,80,2,0.23175599851186934,0.15233753544555093,0.22533615433888315,-0.010901985636696108,0.006419844172986189,0.16323952108224704,False
c1ccc(Oc2ccccn2)cc1,23,2,0.21786087770125212,0.08287417044546283,0.22275648471238185,-0.03135381983514312,-0.004895607011129732,0.11422799028060596,False
c1ccc(Oc2ncnc3occc23)cc1,10,2,0.6154092574742704,0.1099834257736193,0.5625395985284612,0.03164872028219815,0.052869658945809195,0.07833470549142116,False
c1ccc(Sc2ccccc2)cc1,30,2,0.218152408691723,0.08183738948103236,0.20012989547787588,-0.01456440473036582,0.018022513213847124,0.09640179421139819,False
c1ccc(Sc2ccccn2)cc1,19,2,0.22703056295075374,0.24339739509024483,0.18668004397125282,-0.013985618119255546,0.04035051897950093,0.25738301320950036,True
c1ccc2[nH]c(CN3CCNCC3)nc2c1,17,2,0.5154588149503609,0.11262754681515585,0.5408830954081046,0.01746444423982033,-0.025424280457743698,0.09516310257533553,False
c1ccc2[nH]ccc2c1,147,2,0.21810808423301223,0.3339655575822103,0.18183033239690413,-0.07778727596684772,0.036277751836108096,0.411752833549058,True
c1ccc2[nH]cnc2c1,110,2,0.2743155564888336,0.40756278732501816,0.18512868102884208,-0.06949060629497657,0.08918687545999152,0.4770533936199947,True
c1ccc2[nH]ncc2c1,21,2,0.18932929400660659,0.04557927970218261,0.20164161524045895,-0.022018875486785414,-0.012312321233852369,0.06759815518896803,False
c1ccc2c(c1)CCC2,16,2,0.17335378904188647,0.08993242180493358,0.17824649414784685,0.022852192343946566,-0.0048927051059603766,0.06708022946098702,False
c1ccc2c(c1)CCN2,17,2,0.15978432414463606,0.06974890429398557,0.16291200742461778,-0.024175820845257694,-0.0031276832799817245,0.09392472513924327,False
c1ccc2c(c1)Cc1ccccc1-2,17,2,0.29278668500897775,0.08241479628896575,0.2607344966621934,-0.02192517638996528,0.03205218834678436,0.10433997267893103,False
c1ccc2c(c1)Nc1ccccc1S2,18,2,0.27671003038792447,0.27697402841652485,0.2553680505135247,-0.04924518116193921,0.021341979874399786,0.32621920957846406,True
c1ccc2c(c1)OCCO2,19,2,0.30661729988036196,0.05405367741425607,0.30978331358555383,-0.026522113117006346,-0.0031660137051918724,0.08057579053126242,False
c1ccc2c(c1)OCO2,24,2,0.349942470147112,0.25415523976732624,0.20288628754001933,-0.039990218169172254,0.14705618260709266,0.2941454579364985,True
c1ccc2c(c1)[nH]c1ccccc12,22,2,0.2402449974139548,0.24881384848060387,0.27196861199205413,-0.04234242291240611,-0.03172361457809933,0.29115627139301,True
c1ccc2c(c1)ncn2C1CCCCC1,8,2,0.3653967350658305,0.08634483195787615,0.4070808699006624,0.020451813309203534,-0.04168413483483191,0.06589301864867261,False
c1ccc2ccccc2c1,87,2,0.1975655900778262,0.09624401764036287,0.18876143650963426,-0.023868736280091358,0.008804153568191947,0.12011275392045423,False
c1ccc2cnccc2c1,15,2,0.18652605874425462,0.08651554888128352,0.17224614715971487,-0.04893570598648536,0.014279911584539756,0.13545125486776888,False
c1ccc2cnncc2c1,8,2,0.3026900030794958,0.049336144430929145,0.2674670518231563,-0.04536630524191276,0.03522295125633951,0.09470244967284192,False
c1ccc2ncccc2c1,115,2,0.2677872057399423,0.38028500352889943,0.19519702003795122,-0.050392530065905404,0.07259018570199108,0.4306775335948048,True
c1ccc2ncncc2c1,40,2,0.22016474780625428,0.06403739996589551,0.2260925533111348,0.002879274757014209,-0.005927805504880507,0.0611581252088813,False
c1ccc2ocnc2c1,12,2,0.2670752371648051,0.028172220613496588,0.2755460275497303,-0.05093743066616844,-0.008470790384925209,0.07910965127966503,False
c1ccc2sccc2c1,27,2,0.24140140381764963,0.0524517320741944,0.24114217558607884,-0.02878004527501337,0.00025922823157079056,0.08123177734920778,False
c1ccc2scnc2c1,54,2,0.3085703187104376,0.08503327495415611,0.2923016995082951,-0.010020784213845441,0.01626861920214251,0.09505405916800155,False
c1ccccc1,1350,2,0.1334032053483745,0.2862592937299721,0.12864550806267103,-0.10141325943617058,0.004757697285703466,0.3876725531661427,True
c1ccn2ccnc2c1,12,2,0.2315839708052948,0.09734804296659841,0.26185209978102836,0.006879085055772095,-0.030268128975733555,0.09046895791082632,False
c1ccncc1,214,2,0.15509046568894663,0.03751044295690856,0.15542184063396933,0.008434882375117822,-0.0003313749450226944,0.029075560581790734,False
c1ccnnc1,9,2,0.16299457184415295,0.10736631677838948,0.20361559266355433,-0.0025639681619941315,-0.04062102081940139,0.10993028494038361,False
c1cn[nH]c1,71,2,0.15026818736334208,0.0610091748363072,0.15006698971895352,0.009279262083922397,0.00020119764438855658,0.05172991275238481,False
c1cnc(C2CCCN2)cn1,8,2,0.2518597427467463,0.08411509864888561,0.2583610924328873,-0.013476771294022003,-0.0065013496861410225,0.09759186994290761,False
c1cnc2[nH]ccc2c1,7,2,0.22621141009013418,0.02956659217321366,0.21381611885060733,-0.06627282831745891,0.012395291239526846,0.09583942049067257,False
c1cnc2[nH]ncc2c1,18,2,0.24574745802608633,0.06822004917266586,0.24697251177918397,-0.012592372549863723,-0.0012250537530976435,0.08081242172252959,False
c1cnc2ncnn2c1,14,2,0.32261931706515556,0.06372565906666595,0.3026937624256667,0.010060621117195153,0.019925554639488863,0.0536650379494708,False
c1cnc2scc(C3CCNC3)c2c1,8,2,0.5661336293559482,0.0675293108917185,0.5551099710541778,-0.025569468814466926,0.011023658301770434,0.09309877970618542,False
c1cncnc1,80,2,0.1515991439001842,0.06812004188042883,0.15185079597973994,-0.05566937589670362,-0.000251652079555742,0.12378941777713245,False
c1cnn2cnnc2c1,8,2,0.23717047088179663,0.053813629857322395,0.23082536509585622,-0.03886739214826369,0.006345105785940414,0.09268102200558609,False
c1cnoc1,7,2,0.28961224612780445,0.06206181685997783,0.2202165239571884,-0.042272849589730634,0.06939572217061604,0.10433466644970846,False
c1coc(-c2ccc3ccccc3n2)c1,10,2,0.5631474110036352,0.11004837878481469,0.5398657129670074,0.044592388722570576,0.02328169803662783,0.06545599006224412,False
c1nc(N2CCCCC2)c2ccoc2n1,8,2,0.4598898233547195,0.10159512541911059,0.50913184069414,-0.021015548784252217,-0.04924201733942046,0.1226106742033628,False
c1nc(OC2CCNCC2)c2ccn(C3CCCC3)c2n1,9,2,0.6851127780078192,0.3546960976034683,0.6762871445385374,0.18723891656015376,0.00882563346928178,0.16745718104331456,False
c1nc[nH]n1,10,2,0.1599319344364476,0.08894115683109473,0.14187635012634203,0.038164226399885134,0.018055584310105566,0.050776930431209594,False
c1ncc2ccsc2n1,21,2,0.29027243623636995,0.052076966643653674,0.28852333637696115,-0.05471621595076932,0.001749099859408798,0.106793182594423,False
c1ncc2ncn(C3CCCO3)c2n1,21,2,0.45414904222527064,0.1433790396444297,0.44278357450695854,-0.11261398565341917,0.011365467718312094,0.25599302529784884,False
